"","darkorange","lightcyan","greenyellow","tan","darkgrey","turquoise","darkmagenta","steelblue","lightgreen","lightyellow","orange","green","darkgreen","red","paleturquoise","brown","grey60","black","royalblue","pink","salmon","cyan","skyblue","white","darkred","magenta","yellow","darkolivegreen","purple","blue","darkturquoise","violet","saddlebrown","yellowgreen","midnightblue","sienna3"
"","FET pValue","FET pValue","FET pValue","FET pValue","FET pValue","FET pValue","FET pValue","FET pValue","FET pValue","FET pValue","FET pValue","FET pValue","FET pValue","FET pValue","FET pValue","FET pValue","FET pValue","FET pValue","FET pValue","FET pValue","FET pValue","FET pValue","FET pValue","FET pValue","FET pValue","FET pValue","FET pValue","FET pValue","FET pValue","FET pValue","FET pValue","FET pValue","FET pValue","FET pValue","FET pValue","FET pValue"
"Astrocytes","0.747139979624487","9.28619724633542e-05","0.428746758993579","0.770688727807959","0.106733259862173","0.0112386525263383","0.903762245064016","0.983959549428315","0.99406266841896","0.996140686471288","0.981851797158896","0.999994808963843","0.878352660242495","0.999992149155564","0.80702773149436","0.775408691382954","0.51739888134894","0.576285202476352","0.913399297759063","0.651660009184335","0.991826726187778","0.672094121198915","0.219467159723502","0.102859035269484","0.97175723373499","0.996499512826023","0.198964187581179","0.917520124223276","6.77851659682811e-20","0.309173578315531","0.869295732131956","0.529039757707974","0.98744744758353","0.391408958688588","0.0599578387940924","0.410498429657909"
"Microglia","0.973203739282518","0.0603589649107783","0.976976991132546","0.415465164741409","0.999995827438723","0.999883798866516","0.965321061971936","0.777011542637486","0.978556100175079","0.887148799491472","0.999377456009481","0.867815014762487","0.755341250608709","0.989810717002317","0.871295449027841","0.998797226914435","0.890223072138085","0.8275703887792","0.983979519963078","0.999656964437457","0.997762788639321","2.56475383718509e-05","0.177400949417607","0.88686531250219","0.569544791170517","8.37701019806042e-50","2.01134056401303e-10","0.89765913660317","0.997545252516386","0.0615804417190533","0.990493474669262","0.75270139647449","0.288490086012907","0.763313391374466","0.281498442474612","0.880094371331539"
"Neuron","0.772690403049182","0.999992820800497","0.999997154095395","0.999999999034626","0.994280225016498","0.0261740805158366","0.959138998729068","0.999884538674938","0.511780968820091","0.993058898503252","0.780575477512485","0.0110914388637037","0.199877439770632","3.78613288117582e-09","1.9199634626602e-06","4.65246524863932e-18","2.62237143301061e-11","1.66796937978379e-05","1.15752806509373e-14","0.989100048790814","0.015168543289793","0.995726733923367","0.995898665047231","0.99073699119473","0.976912747639815","0.999999976696377","0.999999999162297","0.275680229885457","0.999806408957704","0.987699648187292","0.658753730617083","0.985946699438636","0.999921318027442","0.376766730425944","0.999672596310155","0.881802016159124"
"Oligodendrocytes","0.00260438088306147","0.000552305588869131","0.969067681823837","3.74601780172397e-25","0.991215308693554","0.999968485270458","0.725195934793859","0.973620721546922","0.0160160271105424","0.271851975024062","0.867283528556448","0.685264686928893","0.606550113226497","0.461574451500688","0.000198814373364085","0.232356383140482","0.0123241270680136","0.344284494388801","0.684342970179517","0.999956313874623","0.889701978751347","0.882745408584665","0.920411211820409","0.999585673147051","0.996975909423711","0.96430283470227","0.999942247221083","0.881940680327723","0.680058215816054","0.987498288465119","0.703746881964422","0.196381038611214","0.994027186764208","0.00110200925360626","0.867781275910035","0.198199730640129"
"Endothelia","0.490684952781755","0.978647201205497","0.44859316276747","0.919568518949299","0.997499749842366","0.99960327439745","0.00175181912126191","0.846100273192189","0.909755271687315","0.997930832947576","0.996657226978193","0.996864339043229","0.777543080901803","0.999993462208657","0.982445339968222","0.488658017704197","0.652240151611115","0.41491392108604","0.295334261099586","0.995073208859133","0.983221517806003","0.302312988765739","0.652941161444489","0.525168352008984","0.403494119206652","0.00953654924707915","0.0619548510641461","0.970887116837509","0.528151207380297","0.0318219574121061","0.998674092020985","0.683429616874105","0.0821053010556184","0.123595947214661","3.93471364535437e-24","6.31918785937736e-07"
"","FDR corrected","FDR corrected","FDR corrected","FDR corrected","FDR corrected","FDR corrected","FDR corrected","FDR corrected","FDR corrected","FDR corrected","FDR corrected","FDR corrected","FDR corrected","FDR corrected","FDR corrected","FDR corrected","FDR corrected","FDR corrected","FDR corrected","FDR corrected","FDR corrected","FDR corrected","FDR corrected","FDR corrected","FDR corrected","FDR corrected","FDR corrected","FDR corrected","FDR corrected","FDR corrected","FDR corrected","FDR corrected","FDR corrected","FDR corrected","FDR corrected","FDR corrected"
"Astrocytes","0.999999999162297","0.00119393964595741","0.999999999162297","0.999999999162297","0.565058434564446","0.0919526115791318","0.999999999162297","0.999999999162297","0.999999999162297","0.999999999162297","0.999999999162297","0.999999999162297","0.999999999162297","0.999999999162297","0.999999999162297","0.999999999162297","0.999999999162297","0.999999999162297","0.999999999162297","0.999999999162297","0.999999999162297","0.999999999162297","0.963514359761717","0.561049283288092","0.999999999162297","0.999999999162297","0.899448478967843","0.999999999162297","3.05033246857265e-18","0.999999999162297","0.999999999162297","0.999999999162297","0.999999999162297","0.999999999162297","0.35973784488859","0.999999999162297"
"Microglia","0.999999999162297","0.35973784488859","0.999999999162297","0.999999999162297","0.999999999162297","0.999999999162297","0.999999999162297","0.999999999162297","0.999999999162297","0.999999999162297","0.999999999162297","0.999999999162297","0.999999999162297","0.999999999162297","0.999999999162297","0.999999999162297","0.999999999162297","0.999999999162297","0.999999999162297","0.999999999162297","0.999999999162297","0.000355119762071781","0.887004747088034","0.999999999162297","0.999999999162297","1.50786183565087e-47","4.52551626902931e-09","0.999999999162297","0.999999999162297","0.35973784488859","0.999999999162297","0.999999999162297","0.999999999162297","0.999999999162297","0.999999999162297","0.999999999162297"
"Neuron","0.999999999162297","0.999999999162297","0.999999999162297","0.999999999162297","0.999999999162297","0.181205172801945","0.999999999162297","0.999999999162297","0.999999999162297","0.999999999162297","0.999999999162297","0.0919526115791318","0.899448478967843","7.57226576235164e-08","3.14175839344397e-05","1.67488748951016e-16","6.74324082774156e-10","0.000250195406967568","3.47258419528119e-13","0.999999999162297","0.113764074673448","0.999999999162297","0.999999999162297","0.999999999162297","0.999999999162297","0.999999999162297","0.999999999162297","0.999999999162297","0.999999999162297","0.999999999162297","0.999999999162297","0.999999999162297","0.999999999162297","0.999999999162297","0.999999999162297","0.999999999162297"
"Oligodendrocytes","0.024673082050056","0.00621343787477772","0.999999999162297","3.37141602155158e-23","0.999999999162297","0.999999999162297","0.999999999162297","0.999999999162297","0.115315395195906","0.999999999162297","0.999999999162297","0.999999999162297","0.999999999162297","0.999999999162297","0.00238577248036902","0.995813070602067","0.0964496900974979","0.999999999162297","0.999999999162297","0.999999999162297","0.999999999162297","0.999999999162297","0.999999999162297","0.999999999162297","0.999999999162297","0.999999999162297","0.999999999162297","0.999999999162297","0.999999999162297","0.999999999162297","0.999999999162297","0.899448478967843","0.999999999162297","0.0116683332734781","0.999999999162297","0.899448478967843"
"Endothelia","0.999999999162297","0.999999999162297","0.999999999162297","0.999999999162297","0.999999999162297","0.999999999162297","0.0175181912126191","0.999999999162297","0.999999999162297","0.999999999162297","0.999999999162297","0.999999999162297","0.999999999162297","0.999999999162297","0.999999999162297","0.999999999162297","0.999999999162297","0.999999999162297","0.999999999162297","0.999999999162297","0.999999999162297","0.999999999162297","0.999999999162297","0.999999999162297","0.999999999162297","0.0858289432237123","0.35973784488859","0.999999999162297","0.999999999162297","0.212146382747374","0.999999999162297","0.999999999162297","0.461842318437854","0.635636299961112","2.36082818721262e-22","1.13745381468793e-05"
"","Overlap","Overlap","Overlap","Overlap","Overlap","Overlap","Overlap","Overlap","Overlap","Overlap","Overlap","Overlap","Overlap","Overlap","Overlap","Overlap","Overlap","Overlap","Overlap","Overlap","Overlap","Overlap","Overlap","Overlap","Overlap","Overlap","Overlap","Overlap","Overlap","Overlap","Overlap","Overlap","Overlap","Overlap","Overlap","Overlap"
"Astrocytes","10","35","20","16","17","47","3","4","8","7","6","6","10","6","7","21","17","21","11","20","10","17","13","15","8","10","27","5","67","29","10","9","4","5","25","6"
"Microglia","6","24","11","19","1","15","2","7","9","11","3","17","11","12","6","11","12","17","8","8","8","36","13","7","13","101","54","5","9","33","6","7","11","3","20","3"
"Neuron","12","6","6","2","7","53","3","2","20","10","12","39","20","58","28","80","53","48","56","16","33","12","5","6","10","4","4","12","10","21","15","5","2","6","9","4"
"Oligodendrocytes","21","31","11","69","5","13","4","4","24","17","8","19","12","21","20","26","25","22","13","6","13","13","6","2","5","12","7","5","17","15","11","11","3","11","13","7"
"Endothelia","8","6","13","8","2","9","10","4","7","3","2","6","7","2","2","16","10","15","12","6","6","14","6","7","10","22","21","2","13","25","2","5","10","5","56","15"
"","CategoryHitsInDataSet(ADJ)","CategoryHitsInDataSet(ADJ)","CategoryHitsInDataSet(ADJ)","CategoryHitsInDataSet(ADJ)","CategoryHitsInDataSet(ADJ)","CategoryHitsInDataSet(ADJ)","CategoryHitsInDataSet(ADJ)","CategoryHitsInDataSet(ADJ)","CategoryHitsInDataSet(ADJ)","CategoryHitsInDataSet(ADJ)","CategoryHitsInDataSet(ADJ)","CategoryHitsInDataSet(ADJ)","CategoryHitsInDataSet(ADJ)","CategoryHitsInDataSet(ADJ)","CategoryHitsInDataSet(ADJ)","CategoryHitsInDataSet(ADJ)","CategoryHitsInDataSet(ADJ)","CategoryHitsInDataSet(ADJ)","CategoryHitsInDataSet(ADJ)","CategoryHitsInDataSet(ADJ)","CategoryHitsInDataSet(ADJ)","CategoryHitsInDataSet(ADJ)","CategoryHitsInDataSet(ADJ)","CategoryHitsInDataSet(ADJ)","CategoryHitsInDataSet(ADJ)","CategoryHitsInDataSet(ADJ)","CategoryHitsInDataSet(ADJ)","CategoryHitsInDataSet(ADJ)","CategoryHitsInDataSet(ADJ)","CategoryHitsInDataSet(ADJ)","CategoryHitsInDataSet(ADJ)","CategoryHitsInDataSet(ADJ)","CategoryHitsInDataSet(ADJ)","CategoryHitsInDataSet(ADJ)","CategoryHitsInDataSet(ADJ)","CategoryHitsInDataSet(ADJ)"
"Astrocytes","585","585","585","585","585","585","585","585","585","585","585","585","585","585","585","585","585","585","585","585","585","585","585","585","585","585","585","585","585","585","585","585","585","585","585","585"
"Microglia","560","560","560","560","560","560","560","560","560","560","560","560","560","560","560","560","560","560","560","560","560","560","560","560","560","560","560","560","560","560","560","560","560","560","560","560"
"Neuron","708","708","708","708","708","708","708","708","708","708","708","708","708","708","708","708","708","708","708","708","708","708","708","708","708","708","708","708","708","708","708","708","708","708","708","708"
"Oligodendrocytes","543","543","543","543","543","543","543","543","543","543","543","543","543","543","543","543","543","543","543","543","543","543","543","543","543","543","543","543","543","543","543","543","543","543","543","543"
"Endothelia","378","378","378","378","378","378","378","378","378","378","378","378","378","378","378","378","378","378","378","378","378","378","378","378","378","378","378","378","378","378","378","378","378","378","378","378"
"","CategoryHitsInDataSet(Unadj)","CategoryHitsInDataSet(Unadj)","CategoryHitsInDataSet(Unadj)","CategoryHitsInDataSet(Unadj)","CategoryHitsInDataSet(Unadj)","CategoryHitsInDataSet(Unadj)","CategoryHitsInDataSet(Unadj)","CategoryHitsInDataSet(Unadj)","CategoryHitsInDataSet(Unadj)","CategoryHitsInDataSet(Unadj)","CategoryHitsInDataSet(Unadj)","CategoryHitsInDataSet(Unadj)","CategoryHitsInDataSet(Unadj)","CategoryHitsInDataSet(Unadj)","CategoryHitsInDataSet(Unadj)","CategoryHitsInDataSet(Unadj)","CategoryHitsInDataSet(Unadj)","CategoryHitsInDataSet(Unadj)","CategoryHitsInDataSet(Unadj)","CategoryHitsInDataSet(Unadj)","CategoryHitsInDataSet(Unadj)","CategoryHitsInDataSet(Unadj)","CategoryHitsInDataSet(Unadj)","CategoryHitsInDataSet(Unadj)","CategoryHitsInDataSet(Unadj)","CategoryHitsInDataSet(Unadj)","CategoryHitsInDataSet(Unadj)","CategoryHitsInDataSet(Unadj)","CategoryHitsInDataSet(Unadj)","CategoryHitsInDataSet(Unadj)","CategoryHitsInDataSet(Unadj)","CategoryHitsInDataSet(Unadj)","CategoryHitsInDataSet(Unadj)","CategoryHitsInDataSet(Unadj)","CategoryHitsInDataSet(Unadj)","CategoryHitsInDataSet(Unadj)"
"","585","585","585","585","585","585","585","585","585","585","585","585","585","585","585","585","585","585","585","585","585","585","585","585","585","585","585","585","585","585","585","585","585","585","585","585"
"","560","560","560","560","560","560","560","560","560","560","560","560","560","560","560","560","560","560","560","560","560","560","560","560","560","560","560","560","560","560","560","560","560","560","560","560"
"","708","708","708","708","708","708","708","708","708","708","708","708","708","708","708","708","708","708","708","708","708","708","708","708","708","708","708","708","708","708","708","708","708","708","708","708"
"","543","543","543","543","543","543","543","543","543","543","543","543","543","543","543","543","543","543","543","543","543","543","543","543","543","543","543","543","543","543","543","543","543","543","543","543"
"","378","378","378","378","378","378","378","378","378","378","378","378","378","378","378","378","378","378","378","378","378","378","378","378","378","378","378","378","378","378","378","378","378","378","378","378"
"","OverlappedGeneLists","OverlappedGeneLists","OverlappedGeneLists","OverlappedGeneLists","OverlappedGeneLists","OverlappedGeneLists","OverlappedGeneLists","OverlappedGeneLists","OverlappedGeneLists","OverlappedGeneLists","OverlappedGeneLists","OverlappedGeneLists","OverlappedGeneLists","OverlappedGeneLists","OverlappedGeneLists","OverlappedGeneLists","OverlappedGeneLists","OverlappedGeneLists","OverlappedGeneLists","OverlappedGeneLists","OverlappedGeneLists","OverlappedGeneLists","OverlappedGeneLists","OverlappedGeneLists","OverlappedGeneLists","OverlappedGeneLists","OverlappedGeneLists","OverlappedGeneLists","OverlappedGeneLists","OverlappedGeneLists","OverlappedGeneLists","OverlappedGeneLists","OverlappedGeneLists","OverlappedGeneLists","OverlappedGeneLists","OverlappedGeneLists"
"Astrocytes","PHYHIPL;VWA8;SDSL;ABCB9;PLS1;HSD11B1;KCNJ10;NUDT19;PPWD1;CSDC2","HADHA;HSPA2;MYH14;ALDH7A1;BCAN;PHGDH;TNC;MYO6;CA2;CAPNS1;PLXNB1;LIMCH1;AMER2;ADK;ECI2;PHKB;SAR1B;BDH2;FOLH1;NRBP2;RFTN2;FGF1;EFHD1;CLCC1;TST;L3HYPDH;NDE1;PACSIN3;CD38;SH3PXD2B;PPP1R3D;MEGF10;EDIL3;NOTCH1;ANKRD40","PYGB;VPS13C;AMPD2;SEC14L2;ABCD3;HACD3;SLC27A1;STK38L;MTM1;CPM;RAB30;LGI4;PPP2R5A;RETSAT;ITGA2;PIKFYVE;SYT11;KIAA0100;NAA16;MBOAT2","SORL1;DAAM2;ACOX1;DOCK1;ASPA;SLC25A18;CNTFR;AGPAT3;ACSS2;NUDT12;CDC42EP1;RHOQ;USP54;SLC6A9;MID1IP1;IL6ST","OAT;ACADSB;ACSBG1;CLYBL;ADCY2;CYP7B1;FOXRED1;FGFR3;HDHD5;PTPMT1;PIPOX;OXA1L;PLCD4;LYRM4;SRSF5;FKBP9;ACAD10","ATP1A2;IMMT;ALDOC;PC;ALDH5A1;ABAT;SLC4A4;GLUL;SLC1A2;NDRG2;AHCYL1;ACSL6;CAMK2G;ATP1B2;SFXN1;VPS13D;LRRC8A;RASGRF1;CPT1A;ETFDH;ACSS1;AIFM3;PRXL2A;SLC6A1;SFXN5;GRK3;AGPAT5;RMND1;PITPNC1;MTX3;TPBG;SLC6A11;ABCD2;GJB6;BTBD17;HIGD1A;SLC13A5;TRAF3;TIMM21;INPP5J;SLC7A10;S1PR1;MPC1;ROMO1;PLA2G7;SMDT1;SPRY2","GSTZ1;SLC25A42;FUT9","CPT2;GSTK1;STT3B;TMEM259","AGL;CORO2B;TBCE;ABCC8;MARS2;PTDSS2;LCLAT1;DPY19L3","TTC37;GPM6B;NSDHL;TM7SF2;CCP110;CWC22;CAPS2","DCTN1;CKAP5;B4GAT1;ARAP2;DHCR7;FDFT1","NCAM1;RASA2;IDI1;PMM1;ADGRB3;TTYH1","PFKM;RTN3;EIF4G3;ARHGAP26;KYAT3;NGEF;TRIM9;PTP4A1;CLEC16A;NFXL1","ATP2B4;DCLK1;GRM3;PDE1B;ATL2;TSPAN7","SYNE1;CASKIN1;RGS7;DAGLA;GABRA4;SPAG1;MYORG","ANK2;ABR;NRXN1;GABBR1;GABBR2;ACTR3B;CAPZB;SLC1A4;GRM5;SLC6A17;ARHGAP21;PTPRA;LINGO1;GPM6A;GABRB1;GUCY1A1;TBC1D10A;SLC15A2;TTYH3;GRAMD4;PAQR4","NRCAM;CAP2;CRYM;FLOT2;DCLK2;MINK1;DLGAP1;KALRN;DGKB;ARHGAP32;FAM171B;PLXNC1;PCDH10;TTC9;NTRK3;PCDHGC5;CROT","SEPTIN9;ACADVL;CDH2;RCN2;FMN2;PTPRF;ARHGEF12;SCG3;CPE;FABP7;AK4;EHBP1;CTBP2;CCDC90B;MYRIP;NME7;TOM1L1;KLHDC8B;PDZRN3;GAREM1;COPRS","SPTAN1;EEA1;ITSN1;PTPRZ1;SEPTIN11;PPP1R12A;WASF3;GOLGB1;SPIRE1;IRS2;BAALC","GLUD2;SPARCL1;ETFA;HAPLN1;DECR1;ACADM;BCKDHA;GCSH;SUOX;COX6B1;TACO1;MCEE;PPP1R3G;THEM4;SLC38A3;IRS1;THBS4;BOLA3;FAM168A;NHSL1","MAP2;TOM1L2;NCAN;CST3;LGALSL;SH3BGRL2;NUDT2;CTH;PPP1R1A;FAM184A","PRKDC;GPD2;PREX1;OPLAH;MTARC2;ELMO2;NUP93;LRIG1;JAK1;MGST1;TPMT;HACD2;THOC2;EHHADH;IFT140;NACC2;DHX32","NAPRT;GYS1;NLRX1;SMG1;MICAL1;ACAD11;SLC20A2;FGFR1;MSMO1;SLC39A14;PLSCR1;MAGT1;ELOVL2","MACF1;ALDH1L1;MTHFD1;SLC1A3;EGFR;MRAS;ITM2C;SRSF10;CBX5;PRPF4B;PRPF38B;EEPD1;CHD2;MORC3;LXN","AGT;ITIH3;GPC4;TENM3;FARS2;UPF3B;IFT122;TMED1","FLNC;SCP2;HTRA1;F3;DENND4C;PAPSS2;RBM26;IL18;LRCH3;SOAT1","A2M;C4A;ALDH1A1;MPDZ;ECHDC1;FABP5;KIF1B;ERBIN;AASS;SLC12A4;ITGA7;CD44;PBLD;MAVS;FGD4;ITPKB;DHRS4;KIF1C;RAB34;CA8;MAPK4;KCNN3;CA5B;SRSF11;MCC;ITPRID2;MAP7D3","ALPL;DYNC2H1;CUL7;BMS1;MTERF4","ALDH6A1;MAP4;ACAA2;CTNND2;LAMA2;ADD3;KBTBD11;SORBS1;ALDH4A1;PRDX6;HSDL2;SNTA1;TJP2;AHCYL2;ARHGAP5;DTNA;SPAG9;SLC9A3R1;HEPACAM;PON2;CARMIL1;APPL2;DMD;GJA1;PBXIP1;GCDH;CDC42EP4;AQP4;BAG3;SNTB1;RIDA;NEBL;PSD2;MLC1;EPB41L5;GPT;PLPP3;PHKA1;FAM120C;PPP2R2B;TSC22D4;JAM2;LRP4;AGFG2;SLC7A11;RGMA;PHKG1;PSPH;ADCY8;PLD2;SYBU;RGS20;AMOT;SLC14A1;PTAR1;YAP1;ADCYAP1R1;HMGN3;ARNT2;MAST4;CYBRD1;MYO10;WWC1;FXYD1;ARHGEF26;CRTC3;NPAS3","PLEC;GFAP;EZR;MAOB;CSRP1;SYNM;CNN3;CLU;PPFIA1;PDLIM5;ITGA6;CMBL;DBI;BBOX1;RBM25;ENTPD2;PLCB3;MSI2;AKT2;IGSF1;STON2;GPT2;PDLIM4;SLC39A12;TRIP11;ZBTB20;NOTCH2;FGF2;ATP13A4","IVD;GSTM3;MMUT;HADH;NADK2;PRRC2C;SRRM2;CASKIN2;PDZD11;BCAR3","CAT;FBXO2;ACYP2;ADHFE1;ARHGEF18;ANKRD16;MDN1;CA3;HACL1","ECH1;APOE;MICALL2;ACOT11","GSTM1;PTN;OLFML1;PKP2;CYP1B1","VCL;AGRN;SUCLG2;ASS1;LPP;DAG1;PARVA;ACSF2;ITIH5;AMT;PALLD;SON;SASH1;KANK2;PDGFRB;MFGE8;THBS1;ADRA2A;IGFBP2;SLC7A2;ACADL;NEXN;PDLIM3;ECHDC3;EMP2","MYH11;TAGLN;TPM2;CNN1;SYNPO2;TIMP3"
"Microglia","MVP;EFHD2;SCLY;NTPCR;ARRB2;CHMP1B","DNM2;MPI;RNH1;ARRB1;CRYL1;HEBP1;LGALS3BP;RILPL1;UAP1L1;ADA;SLC44A2;LAMP2;OSGEP;LIPA;GAB2;OTULIN;ENGASE;SPG21;KHK;TMEM63A;FNIP2;PLEKHO1;GALK2;PTS","VPS13C;CNDP2;STAT1;SNX9;BLVRA;RPS6KA1;RP2;P2RX7;AP5B1;PLSCR3;CLN8","BIN1;LDHB;CAPN1;ELMO1;PIP4K2A;RHOG;ENPP4;WWP2;ADSS1;HTATIP2;TTC39B;TSPAN8;CIB1;PACC1;BCL2L1;MATK;SRD5A3;MYO18B;LITAF","SERPINB6","GLS;AP1B1;GLUL;CYB5R1;DCXR;SLC25A10;EFR3A;TK2;ATP13A2;SLC7A8;CDS1;UBASH3B;CBLN2;SLC29A1;BANK1","SNX17;ZNFX1","RPL3;EHD4;GBA;RPL30;RPL19;PALD1;MYD88","ABHD12;KCNAB1;LIMK1;LGALS8;SPHK2;TRPM2;SLC43A2;GAS6;GMIP","FSCN1;WDR81;BID;TBC1D13;USP25;PFKFB3;STK11IP;TRAF2;PUS1;P2RY12;SLC36A1","DMXL1;RHOB;TMEM119","ACTB;TUBB6;POR;RAP2C;MAP1S;VPS18;HPRT1;ARHGDIA;RPTOR;RAB8B;TUBB1;CAMK1;YKT6;INPP4B;UHRF1BP1;ADCY7;PMM2","TUBA4A;ARFGEF2;PLCL2;GRK2;DGKZ;STAT6;CORO2A;USP35;LRRC75A;ARHGAP45;NFXL1","PTK2B;STXBP5;EPN1;RAB35;DENND4B;ROGDI;TGFBRAP1;PLD3;NUAK1;SERINC3;PTGS1;WDFY4","IDH2;ADGRB1;ARHGAP39;AKAP10;PRAG1;GABRD","MROH1;VPS26A;RAB3D;ARPC4;SMCR8;ACOX3;TBC1D10A;SYNGR1;PNPLA7;NEURL1;GNA15","GDA;CORO1A;TWF2;SH3PXD2A;RFTN1;PRKCD;CERT1;SLC30A3;AAGAB;STAMBPL1;DIAPH2;SNN","TPM3;LASP1;NMT1;EVL;GRB2;CNPY3;RCSD1;RGS14;UBE2G2;SUMO3;MYO1G;GOLM1;SH3BP1;KLHDC8B;ZBTB8OS;CCDC88B;PYROXD2","TPD52;ATP6V1F;NUMB;CLTA;LRRK1;DTNBP1;RASSF5;CBLN4","RAB11FIP5;ERP29;HTRA2;ZYX;ATP5F1C;ACADS;GALNS;MCOLN2","ENO3;CST3;SMAP2;CD99L2;RCAN1;NRBF2;CCDC50;CACUL1","CYFIP1;GCN1;TXNRD1;AP3B1;RNPEP;COMT;ASPH;SUN2;ERAP1;ARHGEF6;UMPS;METTL7A;CSK;RRAGC;STAT5B;RNF213;VWA5A;ALDH16A1;MTR;DAGLB;SRSF6;PPP6R1;PIK3C2A;VAV2;SNX8;HEATR5A;SPG11;SGPL1;GRAMD1A;CYBC1;TREX1;LPCAT2;C2;SNX29;SYNGR2;RIN3","DNAJC13;MOGS;MLEC;ASL;RUFY1;STXBP2;GGA2;AUP1;TMEM120A;ARL4C;F11R;CTDNEP1;OAS2","FKBP5;OPHN1;ARGLU1;PTPRJ;MAPKAPK2;ITGAX;MORC3","ALB;C3;CAPZA1;SERPINA3;GNPDA1;SH3KBP1;GPX1;HPR;SERPINF1;QPRT;SERPINF2;MTHFR;FADD","MYH9;TLN1;CTSD;PLXNB2;LCP1;PYGL;KCTD12;PFN1;SERPINB1;SAMHD1;CLIC1;ANXA4;ARPC5;PSME2;CTSB;SQOR;SPP1;C1QB;GMFG;ARHGDIB;CD14;ITGB2;ARAP1;CD163;PLEKHO2;MYO1F;FERMT3;C1QA;ARPC1B;ITGAM;CTSH;RNASET2;CTSA;BMP2K;FMNL1;ICAM1;TAP1;MAN2B2;NCKAP1L;PLOD3;PLEKHM2;PYCARD;PLEK;IFI30;HCLS1;CYBB;OSBPL11;CTSZ;MAPK14;AMDHD2;AIF1;GPNMB;TAP2;RAB43;STAT2;C1QC;PTPN6;ARHGAP25;SCAMP2;GNS;DOCK2;LGMN;TBXAS1;B2M;APBB1IP;HLA-DRA;PSMB10;SLC2A5;COLGALT1;DNASE2;PLOD1;ARHGAP4;HMOX1;PSMB8;MNDA;RGS10;H6PD;PTPN1;PTPRC;SCPEP1;LSP1;RAB27A;GSDMD;FCER1G;CTBS;UNC93B1;TLR3;CTSC;ALOX5AP;FCGRT;PPCDC;TAPBP;RGS19;NOP2;CYBA;SASH3;IFI35;CD74;LDB1;NFKB2;LAIR1","MSN;EHD1;CAP1;AKR1B1;DPP7;LGALS1;NAGK;TPP1;SORD;PTGDS;COTL1;GALM;NPC2;TAOK3;ABHD14B;CSTB;SHMT1;WASF2;FMNL3;ARHGAP17;RABEP2;NFKB1;SLC12A7;EML3;LACTB2;NEK7;FTL;PSMB9;NECAP2;PXN;HS1BP3;PKN1;RNF114;ANKRD44;HLA-E;PLXDC2;PGGT1B;CREG1;NAGA;RENBP;HCK;ABI3;ALOX5;NAAA;CSF1R;NFKBIB;SFT2D1;MED11;TRADD;TXNIP;TYROBP;FEZ2;CD63;VAMP8","LTF;S100A8;RASA4B;MMP9;PECR","PDXK;HSPA1L;SNTA1;NT5E;PNPO;SRXN1;MGMT;CTSF;EPSTI1","PNP;PSAP;SNX5;SNX2;GATM;CCDC22;ITGA6;G3BP1;CCDC93;VPS37B;LGALS3;NUP62;ZC3HAV1;PHYHD1;GMPR;HYI;LSM5;PDLIM4;COMMD5;RELA;GALT;ITGB5;TRIM47;PGPEP1;ISG15;PHKA2;SDC4;HAAO;AGA;PARP14;TFE3;RXRB;TRIM21","PACSIN2;SRSF9;ABCA1;NAB2;CEP250;SMARCD2","BLVRB;PEPD;NMNAT3;CPQ;AS3MT;B4GALNT1;LCN2","HEXB;RPLP1;GGH;HEXA;LRRFIP1;FUCA1;LYN;BCAT2;GLA;MBNL1;QSOX1","OLFML3;EPDR1;MRC1","COL6A3;TGM2;MYO1C;F13A1;TGFBI;SLMAP;GIT2;GGT5;VASP;MAP2K3;PTBP3;STAB1;CCDC186;LYVE1;CRADD;NFKBIE;RAB3IL1;EHBP1L1;HRC;DOCK8","SIAE;CRIP1;FHL3"
"Neuron","NEFH;INA;SDSL;MAP7D2;KSR1;NT5C1A;RCAN2;LUC7L;PDE4A;SNX16;ZNRD2;TCEAL7","TUBB2B;SHTN1;SMARCA5;DEPTOR;DUSP14;PHIP","SMS;ISOC1;DGKG;INPP5F;ISLR;SSBP2","CTIF;USP48","CIRBP;SPHKAP;ACBD7;STAU2;NRIP3;CHCHD10;CDK2AP1","ATP1A3;ATP2B2;SLC12A5;CNTNAP2;SNAP25;CADPS2;SYT2;CEND1;GAD2;GUCY1A2;HCN1;CACNA2D2;SLC17A6;LGI1;ADCY1;GAD1;SUGP2;MGST3;BRSK2;GABRB2;GDPD1;DIRAS1;CNNM1;PPP1R3F;MICU3;SV2C;STRBP;HCN4;KCNC2;NDUFAF6;OCIAD2;ELMOD1;KCNT1;FASTKD5;CDS1;LGI2;UBASH3B;CACNG2;INPP5J;COX7A1;KCNC1;GRAMD1B;TENM1;CBLN2;KCNJ3;RELL2;VWC2;MAP9;EFNA3;ZNF148;RHBDL1;WIF1;TTC39A","PCBP3;CNTNAP4;ARMCX1","ADAR;IQCB1","MAP1B;HSPA12A;SPTBN4;CNTNAP1;PREPL;CNTN2;VSNL1;KLC2;CPNE9;SLC24A2;SULT4A1;LPGAT1;ASPHD1;ABCC8;SCN4B;PSME4;SDK2;KCNQ5;APC2;CDH7","RYR2;USP9X;ARFGEF3;EPM2AIP1;FAM120B;GCA;TRAPPC6B;VKORC1L1;FMN1;VOPP1","GDI1;RUFY3;IGSF8;PPFIA4;EPHB2;TIAM2;AGTPBP1;MTURN;MYO9A;TBR1;ADPRHL1;DNER","TUBB2A;TUBA8;UCHL1;DPYSL5;PGM2L1;PIP4K2B;PLXNA2;PDE1A;RAB6B;PGRMC1;PGBD5;DIRAS2;FBXL16;CHN1;MBLAC2;ACSL4;MAPK8;SARM1;KCNQ2;RAB9B;ABCA5;RTN4R;MCTP1;MAP4K3;TNFAIP8L3;ISLR2;FRMPD4;GABRA5;DAPK1;MAP3K4;TBC1D7;CALY;CLSTN2;SSTR2;GALNT9;SSBP3;MINPP1;SUDS3;NPY2R","TUBB3;STX1B;KIF5C;EEF1A2;UBE2O;NCS1;BRSK1;SEZ6L2;LPCAT4;MAPK9;PPM1E;HECW1;ACTL6B;THY1;MYO5B;TCAF1;AMIGO1;TMEM35A;FXYD7;SYT4","STXBP1;DMXL2;NSF;ATP2B1;CAMK2B;RTN1;SNAP91;NBEA;NAPB;ATL1;OGT;PRKCE;WDR47;SLC25A22;DYNC1I1;PRUNE2;PRRT2;SRGAP3;CADM3;PRKACB;NDRG4;CPNE5;SFXN3;C2CD2L;MARK1;GNAZ;EPHB6;PRKAR1B;SLC7A14;CASTOR2;POMGNT2;DGKE;SMPD3;GNG2;GDAP1L1;SLC9A6;SCN2B;SYT5;SYT3;CLVS2;PITPNM3;CD200;TENM4;GPRASP2;NRN1;LRFN5;RTN4RL2;TMEM63C;KCNH1;PCDH17;GARNL3;CERS6;PCDHAC2;SLC6A15;NSG2;OPRD1;TMEM130;TMEM198","MADD;NRXN3;ARHGAP44;RASGRF2;SCAI;FBXO41;GDAP1;CLSTN1;AARS2;GABRA1;GRIN2A;OLFM1;CACNA1A;CACNB4;RIMS3;ARHGAP39;LMTK3;GABRG2;CDH18;KCNIP4;EPB41L4B;ADGRA1;CDH12;PAK6;BEGAIN;WRAP73;CORT;DISP2","DNM1;BASP1;ATP6V0A1;CAMK2A;CACNA2D1;SYT1;L1CAM;AP3B2;STX1A;UNC13A;PPP3CB;PRKCG;ADGRL1;RAB3C;RAB3A;GRIA1;TANC2;CACNA2D3;LANCL2;NEGR1;SYT7;SV2B;PDXP;VAMP2;NPTX1;SLC6A17;SYP;PTPRN2;USP11;GRIN2B;CPNE4;GRIN1;HPCA;GNG3;ZC2HC1A;GPSM1;GRM2;SLC25A27;RAB3B;RAB3D;STK32C;GPC1;CPNE7;PRMT8;SLC2A13;LY6H;PITPNM2;RAC3;CYP46A1;UNC5A;TRIM46;CACNB2;OLFM3;TRHDE;SVOP;LONRF2;RGS7BP;SCN3B;SLC6A7;RGS17;SYNGR3;CLVS1;GRM1;SLC27A2;CACNG3;GRM7;ENTPD3;NTNG2;SYNPR;SYT17;KSR2;KCNA4;CNST;CNR1;LINGO2;CYP4X1;RAPGEFL1;SMARCD3;PDZD4;ZNF483","SYN2;CRMP1;GAP43;PACSIN1;MAPT;GDA;SYN3;SYNGAP1;CEP170B;DLG2;CAMKV;PAK3;KALRN;PHF24;NT5DC3;SIPA1L1;CAMK4;CCDC6;NEDD4L;WIPF3;PSD;CACNA1B;NPTXR;TUBG2;KIF21B;CNKSR2;NUMBL;SGSM1;CARMIL2;CBARP;DOC2A;CACNB3;BAIAP3;STMN3;ABRACL;PLPPR4;CDH9;CELF4;CDH8;TTC9B;RIT2;TTL;PLCH2;ICA1L;C1QTNF4;FAM117B;SSH2;MAL2;SPRYD3;PRRC2B;FAM8A1;FAM89B;CNIH2","SCG2;ERC2;GPRIN1;CHGB;CALB2;UBQLN2;CC2D1A;FAM171A2;CALB1;CAMSAP1;PLCXD3;DAB2IP;PLEKHA5;EHBP1;PRR36;AKAP9;DUT;ROBO2;SST;TMEM132A;PNMA2;NELL2;HOMER2;CYGB;ABLIM3;CHD5;LSM14B;DCAF7;CNTN3;DCX;PNMA1;PALM3;RIMS4;MLLT11;EPHA7;ADARB1;FNBP1L;TP53I11;IGSF3;SMG7;THSD7A;HTR1A;SYT13;FAM163B;XKR4;SIDT1;CDK5R2;RAB26","BSN;SYN1;SGIP1;PRKAR2B;CIT;SH3GL2;SEPTIN6;DBN1;VGF;SEPTIN3;SNCA;SHANK2;DLG3;STMN1;PPFIA2;SHANK1;RIMBP2;CNRIP1;APBA1;ITPKA;PCSK1;KCTD16;MAST1;SERPINI1;DLGAP2;NCK2;TSC22D2;DNAJB6;ANKRD24;HOOK1;CCDC177;RAB11FIP2;KCTD8;CGREF1;BAG4;FAT3;FBLL1;JAKMIP1;CLSTN3;MOAP1;RALYL;CELF5;CCSAP;TMPPE;KCNIP2;BAZ1B;VSTM2A;SAMD14;CCK;MDGA1;ADCYAP1;RABIF;KIFC2;CA10;CAMK2N2;CBLN4","NIPSNAP1;ELAVL4;PDP1;CPLX1;DIABLO;SLC32A1;SDR39U1;RNF214;MTFP1;RBFOX1;SIPA1L3;ANKRD34A;LYRM7;IRS1;UNC119;FAM185A","MAP6;ENO2;YWHAG;DNAJC6;CEP170;DMTN;UBQLN1;NECAB1;SNCB;ELAVL2;SGTB;IQSEC3;CPLX2;UBE2V2;STMN2;FABP3;FKBP3;JPT1;CPEB3;UBFD1;PFDN6;PFDN1;RBFOX3;FKBP1B;DBNDD1;ULK1;SPOCK1;MAPK8IP2;PHF14;NSG1;RASGEF1A;FSTL4;SBSN","VWA5A;UPF2;NFIX;GRAMD1A;FLRT3;SMPD4;DCK;FBXO30;TRRAP;PAXBP1;ASB3;SOX11","IGF2R;SMG1;TH;TUSC3;TLCD3B","NOS1;BTBD11;SMG8;CHRM3;MORC2;GREM2","C3;IGHM;IGKC;SERPINC1;HPR;PLG;USP22;ZMYM3;KLF12;CDK5R1","SULT1A4;NNMT;CASP3;BRD7","NASP;ANKHD1;HLA-E;PHC2","FBXL2;SLC27A3;MTSS1;NR2F2;FRMPD3;PRTN3;ARID1B;JPH4;KMT2A;KCTD15;PDE4DIP;ST7","MECP2;PPP1R1B;CDKN1B;ZBTB16;ADCY8;MTUS2;PQBP1;ZMAT4;ARL13B;CCDC85C","DPYSL3;CPNE6;PLCD3;RBM4;CSTF2T;CELSR2;AKAP8L;NPY;VIP;KRT73;AJAP1;POLR2D;PYCR1;GAR1;HMG20A;EIF4ENIF1;NUP35;CD2BP2;PLEKHA7;CHAMP1;NOSIP","MATR3;HNRNPA1;NOVA2;TERF2IP;HDGFL3;RBM4B;CDH4;CRHBP;GPRIN3;CELF6;SPIN1;POGZ;KIT;DCP1A;TRIM67","PRPS1;PPIF;PDZD2;ARG2;ADNP","DOC2B;SLC38A1","CRABP1;CRABP2;TSPYL4;SH3RF3;COL23A1;SLIT3","LMNA;COL6A2;ASS1;SYNE2;GPRASP1;WDR6;NOA1;PENK;SLC24A3","DSP;MYL6B;SUSD2;CNTN5"
"Oligodendrocytes","MAP1A;NEFL;NEFH;PTPRD;KRT1;QDPR;ACAN;HCN2;PCYT2;LGI3;HIF1AN;DOHH;VMP1;PVALB;JMY;DESI1;CDR2L;CNTN6;URM1;S1PR5;CDC37L1","GSN;VCAN;CA2;PLIN3;CRYAB;TPPP3;GAMT;PHLDB1;ROCK1;SLC44A2;APOD;AMPD3;PLXNB3;PAPSS1;EFHD1;GAB1;KLK6;HHATL;GPRC5B;SAMD4B;ETNPPL;LDB3;GAB2;PCBP4;TMCC3;PRR18;DHRS13;SPA17;GFRA1;SLCO3A1;SLC48A1","USP24;TNPO1;CDK18;LARP6;FBXO7;GRIK3;ARHGEF37;TMEM151A;CERS2;KIAA0930;FEM1B","CNP;SIRT2;INF2;MBP;MYO1D;SEPTIN8;SLC12A2;HIP1R;NDRG1;BCAS1;ENDOD1;FMNL2;SLC25A13;GRHPR;HAPLN2;ANLN;DOCK9;CARNS1;MAG;ENPP6;ERMN;CADM4;PLP1;HIP1;ABCA2;MOG;DOCK5;ASPA;PACS2;CTNNA3;SLC44A1;GLTP;CD9;JAM3;PPP1R14A;STXBP6;TBC1D5;PLEKHB1;MINDY1;OTUD7B;EPN2;OPALIN;FAM177A1;CLDN11;ABCA8;FRMD5;RTKN;UGT8;ADSS1;CMTM5;AGPAT4;SYNJ2;SZT2;PRKCQ;ENPP2;PHLDA3;CDC42EP2;USP54;FAR1;NINJ2;UBL3;MOBP;JOSD2;CA14;GJB1;PLAAT3;GPR37;OLIG2;ADAMTS4","SLC4A8;NMRAL1;FAM3C;MRPS18B;FBLN7","ATP1A3;SYT2;SCN1A;RASGRF1;OSBPL6;CNTN4;EXOG;CDH6;VAMP1;GFRA2;AFG1L;ASIC1;SLC22A23","UNC80;RICTOR;NMRK1;P3H4","RAB37;RRM1;XPO6;DDX25","EPB41L3;NFASC;HSPA12A;PREPL;ADAM22;CNTN2;KIF5A;VSNL1;STK39;TBC1D9B;UBR3;ADO;ASNS;EVI5L;CDK14;MIGA1;MTMR7;PHOSPHO1;DHCR24;TMCC1;SMYD2;SECISBP2L;EMB;CLGN","ARFGEF3;ZZEF1;GALE;GMDS;CPOX;SCFD2;NRDC;CMIP;CHN2;PDE4B;TBC1D22B;RABGAP1L;YTHDC2;SGK2;PIGQ;SEMA6A;DUSP15","TUBB4A;IGSF8;ACSL3;AGAP1;COBL;STMN4;ACE;DENND11","CNTN1;PRKCB;NCAM2;GNB4;FYN;DOCK3;LSAMP;RAB4A;ADAP1;ANKRD28;RAB33A;ATRN;TBC1D23;SLITRK1;TDRD7;SELENOI;VLDLR;RALGPS1;VSTM2B","DNM3;ATP2B3;STX1B;EEF1A2;ACOT7;FSD1;ADAM11;KNDC1;PPM1E;ASIC2;ADORA1;CREG2","CYFIP2;EHD3;GRIA3;OPCML;RAP2A;HPCAL4;NCEH1;RAP1GAP;NCALD;SEMA4D;ROGDI;RAB39B;GFOD1;SYT3;LRRC8B;RAPGEF1;ATG101;NPTX2;SLC1A1;TMEM9;LRRTM3","PLCB1;EPB41L1;GPR158;DLG1;RAPGEF4;RGS6;PCDH7;IGSF9B;PDE4D;SERPINE2;TMEM132B;BRINP1;TMEM163;KIAA1549;PPP1R16B;KCND2;OLFM2;ZNF365;BEGAIN;ANO3","DNM1;ME3;DPP6;DPP10;VAT1L;ANKS1B;EFR3B;KATNAL1;NLGN3;CAPN5;APBB1;GPC1;SLC2A13;RAC3;MACROD2;FRMD4A;RAB27B;RAB15;SLITRK4;C1QL3;MB21D2;LRRC4C;LRRTM1;CSPG5;KCNK1;GNG13","GAP43;MAPT;SEPTIN5;MINK1;WASF1;AGAP2;RAP1GAP2;STRN;DNAJA4;GGCT;ADGRL3;PLEKHA1;RFTN1;ABI2;SNX32;TMEM132D;RABGAP1L;SHISA7;ELFN2;TTL;PPP4R4;LRRTM4;BRINP3;EFNB3;LRFN2","CALB1;RCN1;TMOD1;SNX30;TCEAL5;RLBP1;CDV3;BCAR1;NELL2;CYGB;FKBP1A;PKIA;KHDRBS2;TUB;SCRG1;TMEM132C;NGB;PID1;QPCT;FAM114A1;RNF7;NHSL2","TNR;PPFIA3;SH3GL3;MICAL3;MAGI2;APBA1;NECAB2;PCSK1N;DTD1;IRS2;TMEM132E;CA10;IL1RAP","CPLX1;SHROOM2;KRT17;TACC2;EXTL2;PTPRO","ENO2;SYNPO;TPPP;STAM;CAMSAP2;SNCB;DYNLL2;EIF1B;UBAP1;NOL3;KAZN;NAP1L5;PPP1R14C","H1-4;FRYL;MX1;SLC25A1;GSDME;VWA5A;AGO3;NUP210;MAPK8IP1;ARHGEF10;GNE;CCDC167;RHPN2","ADAM9;ARHGEF10L;SPCS3;EML1;SORCS3;PRICKLE1","INPPL1;PDCD4","TF;CP;SERPINA3;ITIH2;SERPIND1","SERPINB1;FAH;TGOLN2;RECQL;S100A16;PHF6;UGDH;KCTD4;URI1;IFIT2;TMF1;INPP5B","ITPR2;MTAP;FNTA;EFEMP1;KIF13B;KANK1;ISG20","SLC27A3;DPYD;PRKG2;KCTD15;ELOVL4","MAP4;NEO1;CHDH;S100A1;TNS3;SPON1;S100A13;FEZ1;GNG12;GNA12;CMTM4;SNX25;ARL2BP;CTNNAL1;SMOC1;NXPH1;SLC22A5","GSTP1;ITGAV;CSRP1;LMNB1;ITGB4;SNX15;DPH5;GPT2;PRKG1;SMARCB1;SSH3;PCBD1;ABHD5;PYCR1;NKX2-2","PSIP1;FAM169A;RRAS2;CETN2;CENPV;CASKIN2;MBNL2;MDK;AFAP1L2;PTER;TRIM67","ANK1;SLC4A1;EPB41;APLP1;BPGM;CSPG4;DICER1;ADI1;CPQ;TBC1D14;TRAK2","TPD52L2;PTK7;GNPTAB","COL1A1;FBN1;COL12A1;COL1A2;PRELP;DCN;LUM;GABRA3;COL3A1;SLC6A13;COL2A1","ITIH5;CDH11;SGCD;PPFIBP1;CLEC3B;HYPK;LMCD1;S100A4;TFEB;PDLIM2;PCDHB5;AEBP1;PCOLCE","TPM1;ALDH18A1;ALDH1L2;MFAP4;FHL2;LIMS2;CSMD3"
"Endothelia","AKAP12;CAST;NME2;MPP1;LUZP1;NT5DC1;SEMA7A;CHMP2B","SEPTIN10;RBP1;YES1;SLC16A1;PIR;PRCP","PLS3;RAP1B;ANXA7;EIF3M;ABCB1;GBE1;INSR;MYO1E;CD59;IGF1R;KLHL4;SLC38A2;DUSP22","PGM1;ADAM10;SESTD1;PIP5K1A;GLIPR2;PIP5K1B;ZDHHC20;RBP7","ACOT9;SERPINB6","SLC3A2;GSTT2B;APOOL;LRRC8C;MAP4K2;SLC2A1;PREX2;SLC7A1;C16orf89","RPL4;RPL23;RPL23A;SNRPE;RPS16;RPL31;RPL27;RPL34;RPL35;RPL39","SERPINB9;RPS24;RPL38;RPL37","ANXA6;ESYT1;GPCPD1;DYSF;DENND5B;ITM2A;APBB2","SRPRA;MTMR6;LMBR1","ESYT2;BSG","SPTBN1;EXOC5;HPRT1;PPEF1;ART3;USP43","ITPR1;ROCK2;PREP;PNPLA6;NRBP1;TFRC;PDCD10","RAB12;FAM162B","SNRK;PLEKHG5","PDE2A;CTNNB1;ACTR3;TTC7B;ARMC10;PLXND1;PTGFRN;PTPRK;EXOC6;SLC30A1;CA4;NUDT14;ARPC3;SYNJ2BP;BMPR2;TNFAIP8L1","MYH10;ACTN1;ACTN4;PCDH1;SLK;ITSN2;DGKA;SLC39A10;PVR;IFNAR1","AFDN;KIAA1217;TNKS1BP1;TXN;MYO1B;MRTFB;RGS12;BAG2;ATOX1;SLC16A2;MAPK12;PCDH19;PHACTR2;SH3BP5;PTPRB","MPRIP;CRIP2;AGFG1;NUBPL;CLINT1;C12orf57;LZTS1;ADGRL2;HOPX;FLRT2;SNX7;CCDC85A","PPP1CC;SYAP1;LYPLA1;PCP4L1;TPD52L1;SPOCK2","IGBP1;TSC22D1;BTF3;MPP7;PPP1R2;NAA38","LTA4H;RHOC;EIF3E;SLC25A20;CD55;ASCC3;OSBPL9;RAB29;RPS27;UACA;ECE1;IRF9;FEM1C;PTGES","RPS6KA3;DNAJC10;RIPOR1;DGKH;DNASE1L1;OSTC","TIAM1;TBC1D1;PODXL;SNRPB2;MGST2;SLC43A3;CLDN5","SERPINA1;SERPINA3;ANXA11;SDCBP;SLC7A5;VTN;GGACT;CFI;TPK1;PDE5A","NAMPT;ANXA1;SLC25A24;TRIM25;S100A11;GIMAP4;PLTP;LBP;GIMAP1;PECAM1;CD2AP;RAB13;FCHO2;GBP2;NUP37;GCHFR;DUSP23;ENG;PTPN12;ECM1;LAMA1;PALMD","EEF1A1;IQGAP1;FLNB;ALDH1A1;ANXA5;CTNNA1;FERMT2;ITGB1;ACSS3;RALY;ANO6;DERA;TAX1BP3;DDX58;STK3;HLA-E;ABCC4;PARP9;BCHE;TRIM56;CDH5","VWF;SCARF1","ABLIM1;SUGT1;HSPB8;RPAP3;NXN;CGNL1;PAPLN;XIAP;VAMP5;HEPH;STRA6;HMGN5;ADGRA2","UTRN;TJP1;HSPB1;MYLK;CAPG;STOM;SH3BGRL;EIF3H;CRK;HSPA12B;TMOD3;CD109;SLC9A3R2;KANK3;TCEA1;UBE2L6;GOLIM4;RAI14;CUTC;USP6NL;RASIP1;EPS8L2;TGFBR3;GABPB1;APLNR","GRB10;PPP1R13B","APOA1;PPM1J;SEMA4C;SLC5A6;ICAM2","RPS7;CALU;NCK1;ANPEP;NRP1;CTTNBP2NL;GYPC;TRIOBP;FKBP10;TES","COL14A1;BGN;GSTM1;OGN;PAWR","AHNAK;FLNA;HSPG2;VIM;LAMB2;LAMA5;LAMC1;FN1;EHD2;NID1;TINAGL1;MYL6;TAGLN2;DES;TNS1;COL18A1;NID2;NES;COL4A2;COL4A1;BCAM;CAVIN1;MYOF;SERPINH1;ANXA3;RRAS;LAMB1;SNTB2;TTR;LAMA4;CAVIN2;ADH1B;VWA1;ISYNA1;CAV1;TNS2;ITGA1;MMRN2;PTBP3;ESAM;NIBAN1;PDLIM1;GRK5;SLAIN2;IGFBP7;SSU72;COL4A3;COBLL1;CAV2;RIPK1;CD151;PLP2;CLIC6;CASQ2;FKBP7;GNG11","ACTA2;TPM4;CALD1;MYL9;TGFB1I1;PGM5;CSRP2;AOC3;SOD3;CAVIN3;MUSTN1;TRIP10;FBLN5;TAF7;SMTN"
