"","turquoise","blue","brown","yellow","green","red","black","pink","magenta","purple","greenyellow","tan","salmon","cyan","midnightblue","lightcyan","grey60","lightgreen","lightyellow","royalblue","darkred","darkgreen","darkturquoise","darkgrey","orange","darkorange","white","skyblue","saddlebrown","steelblue"
"","FET pValue","FET pValue","FET pValue","FET pValue","FET pValue","FET pValue","FET pValue","FET pValue","FET pValue","FET pValue","FET pValue","FET pValue","FET pValue","FET pValue","FET pValue","FET pValue","FET pValue","FET pValue","FET pValue","FET pValue","FET pValue","FET pValue","FET pValue","FET pValue","FET pValue","FET pValue","FET pValue","FET pValue","FET pValue","FET pValue"
"Astrocytes","1.04272814442791e-26","6.4987545594472e-38","3.61219795823061e-41","0.0125228197457844","1.08392715539746e-17","6.67074457427328e-07","0.0331889698404715","0.360328376519991","0.0670360194433956","1.08950575028236e-05","0.493089129545538","2.02533587863446e-09","1.94304614391491e-06","2.24958308504201e-08","0.103025704198366","0.00107881063081714","1","0.326794600753288","0.372837633332509","1","1","0.0342712987975461","1","1","6.97032617965296e-08","1","1","1","1","0.143797211388238"
"Microglia","1.89634191056258e-37","6.17930995322003e-36","3.23236071803847e-52","8.34616573343393e-09","5.82759265152567e-24","1.26746586705068e-22","1.91258873146981e-08","8.95374088845052e-09","1.94157306002095e-06","6.38705388170445e-10","8.83228555901702e-07","4.5373624893621e-12","2.8581417079014e-10","1.94157306002095e-06","1.78760044551668e-06","6.42479163604257e-06","1","0.0239625789101761","7.66347874797626e-05","1","0.0199393406441694","0.0793362186785295","0.304408913276365","1","1","0.238266985313897","1","0.0487225916727818","0.06573165978063","0.220778217119574"
"Neuron","3.47704134065897e-75","2.21568033499313e-51","4.00114391628e-31","0.075894798470747","2.34162490223056e-10","2.39441455620131e-13","0.0567813346983587","0.00306373177674639","0.173635981657281","0.375549648312032","0.0190832998612304","0.116489365143053","0.000374801173625941","1.11046815355655e-05","0.203845161119461","0.157377870277057","1","0.000280234529328643","0.033050997258915","1","1","1","1","1","0.050433031533997","0.229484185442123","1","0.0451212055381294","0.0630521154568529","0.212547074513645"
"Oligodendrocytes","1.95099168260139e-57","4.31821675059523e-49","9.27063441271041e-29","1.96791587305571e-05","2.79647301176673e-16","6.66265160744629e-14","0.00107545527812039","1.62405163794919e-06","7.55716294718934e-07","5.66011852103191e-06","0.0156497267805418","1.27547835071946e-17","7.67635575216381e-10","5.20254714123064e-10","0.00103933884006495","0.143088351750445","1","1.5949001923816e-05","3.24852340740967e-06","1","0.184937157615021","0.000732343810841222","0.0404870322475967","1","0.293777363366607","1","0.115431595934628","0.0404870322475967","1","1"
"Endothelia","1.64822658216056e-23","6.72371890697908e-24","1.81854335803235e-35","0.000339026119354138","4.25795409608907e-16","1.77638472813936e-05","7.62198116367537e-07","8.67023787612444e-05","9.88377237183998e-06","2.47571348242592e-13","0.00705127144073066","1.06266095548257e-07","6.61664085152922e-07","8.74509132387216e-05","1","0.00178113351166762","1","7.03070374957903e-05","0.0153935235240052","1","2.26804177749177e-07","0.288093152871695","1","1","5.09293691689615e-06","0.0151192556564399","1","0.00192349542778943","1","1.88352232877694e-05"
"","FDR corrected","FDR corrected","FDR corrected","FDR corrected","FDR corrected","FDR corrected","FDR corrected","FDR corrected","FDR corrected","FDR corrected","FDR corrected","FDR corrected","FDR corrected","FDR corrected","FDR corrected","FDR corrected","FDR corrected","FDR corrected","FDR corrected","FDR corrected","FDR corrected","FDR corrected","FDR corrected","FDR corrected","FDR corrected","FDR corrected","FDR corrected","FDR corrected","FDR corrected","FDR corrected"
"Astrocytes","1.20314785895528e-25","1.39259026273869e-36","9.03049489557653e-40","0.0250456394915688","9.03272629497884e-17","2.50152921535248e-06","0.0599800659767557","0.478312004230077","0.108122612005477","3.02640486189545e-05","0.637615253722678","9.80001231597317e-09","6.0720191997341e-06","9.64107036446574e-08","0.160977662809947","0.00231173706603672","1","0.437671340294583","0.48984736736352","1","1","0.0611987478527609","1","1","2.9043025748554e-07","1","1","1","1","0.215695817082357"
"Microglia","3.55564108230484e-36","1.02988499220334e-34","1.61618035901924e-50","3.91226518754715e-08","6.24384926949179e-23","1.11835223563295e-21","8.4378914623668e-08","4.06988222202296e-08","6.0720191997341e-06","3.3036485595023e-09","3.08102984616873e-06","2.72241749361726e-11","1.58785650438967e-09","6.0720191997341e-06","5.95866815172228e-06","1.85330527962766e-05","1","0.0443751461299558","0.000188446198720728","1","0.0373862637078176","0.125267713702941","0.411363396319412","1","1","0.330926368491524","1","0.0830498721695145","0.10717118442494","0.312422005357887"
"Neuron","5.21556201098845e-73","8.30880125622425e-50","5.45610534038182e-30","0.121108720963958","1.35093744359456e-09","1.5473209265162e-12","0.0946355578305978","0.00629533926728711","0.255347031848942","0.48984736736352","0.036234113660564","0.178300048688346","0.000851820849149865","3.02854950969969e-05","0.2940074439223","0.23372951031246","1","0.000656799678114008","0.0599800659767557","1","1","1","1","1","0.0849994913494331","0.321706802021667","1","0.0777951819622921","0.103932058445362","0.303638677876635"
"Oligodendrocytes","1.46324376195105e-55","1.29546502517857e-47","1.1588293015888e-27","5.00317594844673e-05","2.09735475882505e-15","4.54271700507701e-13","0.00231173706603672","5.5365396748268e-06","2.72213612988406e-06","1.66474074147997e-05","0.0300956284241188","1.00695659267326e-16","3.8381778760819e-09","2.78707882565927e-09","0.00229265920602562","0.215695817082357","1","4.27205408673643e-05","9.94445941043776e-06","1","0.269325957691778","0.00163957569591318","0.0706169167109245","1","0.400605495499919","1","0.178300048688346","0.0706169167109245","1","1"
"Endothelia","1.54521242077552e-22","6.72371890697908e-23","2.72781503704852e-34","0.000782367967740319","3.04139578292076e-15","4.6746966529983e-05","2.72213612988406e-06","0.000208216460092194","2.79729406750188e-05","1.5473209265162e-12","0.0142931177852649","4.30808495465905e-07","2.50152921535248e-06","0.000208216460092194","1","0.00376295812324145","1","0.000175767593739476","0.0299873834883219","1","8.9527964900991e-07","0.396458467254626","1","1","1.52788107506885e-05","0.0298406361640261","1","0.00400728214122797","1","4.87117843649208e-05"
"","Overlap","Overlap","Overlap","Overlap","Overlap","Overlap","Overlap","Overlap","Overlap","Overlap","Overlap","Overlap","Overlap","Overlap","Overlap","Overlap","Overlap","Overlap","Overlap","Overlap","Overlap","Overlap","Overlap","Overlap","Overlap","Overlap","Overlap","Overlap","Overlap","Overlap"
"Astrocytes","46","55","56","6","26","12","5","2","3","9","1","12","9","10","2","4","0","1","1","0","0","2","0","0","0","6","0","0","0","1"
"Microglia","69","67","79","17","38","31","16","14","10","16","9","17","15","10","8","7","0","3","6","0","2","2","0","1","1","0","2","0","1","1"
"Neuron","97","79","59","6","23","22","6","7","3","3","4","4","8","9","2","2","0","5","3","0","0","0","0","0","1","2","2","0","1","1"
"Oligodendrocytes","82","75","55","12","29","22","9","11","10","11","4","21","14","13","5","2","0","6","7","0","1","4","0","2","0","1","2","1","0","0"
"Endothelia","46","46","55","9","26","11","12","8","8","17","4","11","10","7","0","4","0","5","3","0","5","1","0","0","2","5","3","0","0","4"
"","CategoryHitsInDataSet(ADJ)","CategoryHitsInDataSet(ADJ)","CategoryHitsInDataSet(ADJ)","CategoryHitsInDataSet(ADJ)","CategoryHitsInDataSet(ADJ)","CategoryHitsInDataSet(ADJ)","CategoryHitsInDataSet(ADJ)","CategoryHitsInDataSet(ADJ)","CategoryHitsInDataSet(ADJ)","CategoryHitsInDataSet(ADJ)","CategoryHitsInDataSet(ADJ)","CategoryHitsInDataSet(ADJ)","CategoryHitsInDataSet(ADJ)","CategoryHitsInDataSet(ADJ)","CategoryHitsInDataSet(ADJ)","CategoryHitsInDataSet(ADJ)","CategoryHitsInDataSet(ADJ)","CategoryHitsInDataSet(ADJ)","CategoryHitsInDataSet(ADJ)","CategoryHitsInDataSet(ADJ)","CategoryHitsInDataSet(ADJ)","CategoryHitsInDataSet(ADJ)","CategoryHitsInDataSet(ADJ)","CategoryHitsInDataSet(ADJ)","CategoryHitsInDataSet(ADJ)","CategoryHitsInDataSet(ADJ)","CategoryHitsInDataSet(ADJ)","CategoryHitsInDataSet(ADJ)","CategoryHitsInDataSet(ADJ)","CategoryHitsInDataSet(ADJ)"
"Astrocytes","90","90","90","90","90","90","90","90","90","90","90","90","90","90","90","90","90","90","90","90","90","90","90","90","90","90","90","90","90","90"
"Microglia","144","144","144","144","144","144","144","144","144","144","144","144","144","144","144","144","144","144","144","144","144","144","144","144","144","144","144","144","144","144"
"Neuron","138","138","138","138","138","138","138","138","138","138","138","138","138","138","138","138","138","138","138","138","138","138","138","138","138","138","138","138","138","138"
"Oligodendrocytes","130","130","130","130","130","130","130","130","130","130","130","130","130","130","130","130","130","130","130","130","130","130","130","130","130","130","130","130","130","130"
"Endothelia","103","103","103","103","103","103","103","103","103","103","103","103","103","103","103","103","103","103","103","103","103","103","103","103","103","103","103","103","103","103"
"","CategoryHitsInDataSet(Unadj)","CategoryHitsInDataSet(Unadj)","CategoryHitsInDataSet(Unadj)","CategoryHitsInDataSet(Unadj)","CategoryHitsInDataSet(Unadj)","CategoryHitsInDataSet(Unadj)","CategoryHitsInDataSet(Unadj)","CategoryHitsInDataSet(Unadj)","CategoryHitsInDataSet(Unadj)","CategoryHitsInDataSet(Unadj)","CategoryHitsInDataSet(Unadj)","CategoryHitsInDataSet(Unadj)","CategoryHitsInDataSet(Unadj)","CategoryHitsInDataSet(Unadj)","CategoryHitsInDataSet(Unadj)","CategoryHitsInDataSet(Unadj)","CategoryHitsInDataSet(Unadj)","CategoryHitsInDataSet(Unadj)","CategoryHitsInDataSet(Unadj)","CategoryHitsInDataSet(Unadj)","CategoryHitsInDataSet(Unadj)","CategoryHitsInDataSet(Unadj)","CategoryHitsInDataSet(Unadj)","CategoryHitsInDataSet(Unadj)","CategoryHitsInDataSet(Unadj)","CategoryHitsInDataSet(Unadj)","CategoryHitsInDataSet(Unadj)","CategoryHitsInDataSet(Unadj)","CategoryHitsInDataSet(Unadj)","CategoryHitsInDataSet(Unadj)"
"","90","90","90","90","90","90","90","90","90","90","90","90","90","90","90","90","90","90","90","90","90","90","90","90","90","90","90","90","90","90"
"","144","144","144","144","144","144","144","144","144","144","144","144","144","144","144","144","144","144","144","144","144","144","144","144","144","144","144","144","144","144"
"","138","138","138","138","138","138","138","138","138","138","138","138","138","138","138","138","138","138","138","138","138","138","138","138","138","138","138","138","138","138"
"","130","130","130","130","130","130","130","130","130","130","130","130","130","130","130","130","130","130","130","130","130","130","130","130","130","130","130","130","130","130"
"","103","103","103","103","103","103","103","103","103","103","103","103","103","103","103","103","103","103","103","103","103","103","103","103","103","103","103","103","103","103"
"","OverlappedGeneLists","OverlappedGeneLists","OverlappedGeneLists","OverlappedGeneLists","OverlappedGeneLists","OverlappedGeneLists","OverlappedGeneLists","OverlappedGeneLists","OverlappedGeneLists","OverlappedGeneLists","OverlappedGeneLists","OverlappedGeneLists","OverlappedGeneLists","OverlappedGeneLists","OverlappedGeneLists","OverlappedGeneLists","OverlappedGeneLists","OverlappedGeneLists","OverlappedGeneLists","OverlappedGeneLists","OverlappedGeneLists","OverlappedGeneLists","OverlappedGeneLists","OverlappedGeneLists","OverlappedGeneLists","OverlappedGeneLists","OverlappedGeneLists","OverlappedGeneLists","OverlappedGeneLists","OverlappedGeneLists"
"Astrocytes","NCAM1;PTPRF;AGRN;NCAN;PLXNB1;B4GAT1;CHST1;GPR37L1;AGT;A2M;CST3;APOE;LCAT;PDGFRB;ALDOC;CLU;CDH2;VCAM1;FGFR2;PTPRZ1;LAMA2;CNTFR;AXL;THBS4;IL6ST;BTD;HSPA2;NRXN1;NOTCH2;CAMK2G;TPBG;DAG1;SPARCL1;ITIH5;LRTM2;SEMA6D;SCG3;SORL1;NRCAM;RGMA;BCAN;FAM20A;SYT11;PCDH10;NDRG2;PCDHGC5","NCAM1;AGRN;NCAN;PLXNB1;B4GAT1;CHST1;GPR37L1;CBR3;AGT;A2M;CST3;PDYN;APOE;DBI;THBS1;ALDOC;PTPRF;CLU;FGFR1;ACYP2;CD44;CPE;IGFBP2;CDH2;VCAM1;PTPRZ1;LAMA2;IGFBP5;CNTFR;AXL;IL6ST;FABP5;TAGLN;NOTCH2;MFGE8;CAMK2G;DAG1;SPARCL1;NTRK3;MAMDC2;ITIH5;LRTM2;PCSK9;SCG3;SORL1;HTRA1;NRCAM;PBXIP1;RGMA;LINGO1;BCAN;CHRDL1;PCDH10;NRXN1;NDRG2","NCAM1;AGRN;PLXNB1;CHST1;EGFR;AGT;A2M;CST3;APOE;CAT;LCAT;DBI;THBS1;PDGFRB;ALDOC;PTPRF;CLU;FGFR1;CD44;CPE;IGFBP2;VCL;CDH2;VCAM1;FGFR2;PTPRZ1;LAMA2;IGFBP5;CNTFR;PRDX6;AXL;THBS4;BTD;ITIH3;MFGE8;TPBG;ITGA7;DAG1;FZD2;SPARCL1;CRYM;SLC39A12;OLFML2A;ITIH5;PCSK9;SEMA6D;SNED1;SCG3;SORL1;HTRA1;NRCAM;FAM20A;CHRDL1;SLITRK2;NRXN1;NOTCH3","MASP2;C4A;CLU;ITIH3;SPARCL1;PLCH1","AGRN;PLXNB1;EGFR;AGT;A2M;PDYN;LCAT;THBS1;CLU;EZR;CPE;CDH2;FGFR2;PTPRZ1;LAMA2;BTD;AQP4;SPARCL1;ITIH5;IGSF1;SEMA6D;SORL1;HTRA1;BCAN;PCDH10;NRXN1","PLXNB1;B4GAT1;AGT;APOE;CPE;IGFBP2;PTPRZ1;SEMA3B;ITIH5;SORL1;LINGO1;BCAN","A2M;VCAM1;LAMA2;TAGLN;ITIH3","A2M;LAMA2","A2M;PTPRF;ITIH3","A2M;THBS1;VCAM1;THBS4;BTD;TAGLN;LTBP1;SORL1;NRXN1","A2M","PLXNB1;A2M;CST3;APOE;C4A;CLU;NCAM1;CPE;ITIH5;PCSK9;SNED1;SORL1","NCAM1;NCAN;A2M;APOE;SPARCL1;LTBP1;ITIH5;SNED1;CHRDL1","APOE;FGFR1;NCAM1;CPE;IGFBP2;DAG1;SPARCL1;SCG3;NRCAM;PCDHGC5","AGT;SORL1","VNN1;LAMA2;IGFBP5;SORL1","","MYH11","CLU","","","A2M;TNC","","","","AGT;A2M;LCAT;AQP4;DAG1;CHRDL1","","","","A2M"
"Microglia","MANBA;PLXNB2;HS6ST1;HPRT1;C3;CST3;PDGFB;C1QB;FTL;CSTB;LDHB;CSF1R;CTSD;HEXB;PFN1;CTSB;CD14;CSF1;UBC;HSPA1A;SPP1;COL6A3;FCGR2A;GNS;IDS;MRC1;CTSS;MGAT1;SERPINB6;SERPINF1;PTGDS;ACTB;NPC2;GRB2;FAM3A;B4GALNT1;CTBS;LGALS3BP;PTPRJ;COTL1;MLEC;GAS6;TGFBI;C3AR1;FSCN1;LAIR2;PLXDC2;OAF;RTN4RL1;CD163;PLXDC1;PLD3;GOLM1;LFNG;CD99L2;SMPDL3B;GGH;CXCL16;SLC38A10;MAN1C1;OLFML3;CBLN4;STAB1;ERAP1;CTSF;CD84;GDA;CPQ;ENPP4","QSOX1;PLXNB2;ICOSLG;HPRT1;CST3;C1QB;GBA;HEXA;LDHB;CSF1R;PSAP;PFN1;CD14;LGALS1;CSF1;UBC;RNASE2;SPP1;COL6A3;LAMP2;B4GALT1;TCN2;IDS;MRC1;CBLN1;CTSS;MSN;MGAT1;SERPINB1;RNASE4;SERPINF1;PTGDS;PPT1;NAGLU;ACTB;B2M;FAM3A;CTBS;PLOD1;LGALS3BP;PTPRJ;MLEC;GAS6;TGFBI;TXNRD1;PLXDC2;OAF;RTN4RL1;PLXDC1;CBLN2;PLD3;GOLM1;LFNG;SMPDL3B;PLD4;ARSG;SLC38A10;MAN1C1;STAB1;ERAP1;SIRPG;CTSZ;CTSF;DPP7;CD84;MAN2B2;GDA","UBC;QSOX1;MANBA;RNASET2;TPP1;PLXNB2;HS6ST1;CLN5;TNFSF13;C3;CST3;C1QA;C1QB;C1QC;FTL;FUCA1;CSTB;HEXA;LDHB;CSF1R;CTSD;HEXB;PFN1;CTSB;CD14;LGALS1;CTSH;HSPA1A;CTSA;COL6A3;PEPD;LAMP2;LCP1;LGALS3;TCN2;IDS;MRC1;MSN;MGAT1;CORO1A;GALNS;SERPINB6;SERPINF1;PTGDS;SERPINB8;PPT1;NAGLU;ACTB;B2M;NPC2;GRB2;CTBS;MGAT2;ASPH;ADAM15;COTL1;GAS6;TGFBI;PLXDC2;OAF;RTN4RL1;PLD3;GOLM1;RNASE6;ABHD14B;MXRA8;SIAE;SLC38A10;MAN1C1;OLFML3;CBLN4;STAB1;ERAP1;TREM2;CTSF;DPP7;LYVE1;CPQ;ENPP4","PLXNB2;HPR;F9;SERPINA3;C3;APOC1;APOC4-APOC2;ALB;C2;SERPINF2;COL6A3;PEPD;LCP1;CPN1;NAGLU;LFNG;C1RL","B2M;QSOX1;MANBA;TPP1;PLXNB2;ANGPTL7;CLN5;C3;C1QA;FUCA1;C2;HEXA;CTSD;PSAP;HEXB;CTSB;COL6A3;GNS;LGALS3;GALNS;SERPINF1;CTSC;NAGLU;CTBS;PLOD1;LGALS3BP;PLXDC2;GOLM1;PLA2G15;SMPDL3B;GGH;NEU1;SIAE;SLC38A10;ERAP1;EPDR1;CPQ;ENPP4","DNASE2;MANBA;TPP1;PLXNB2;FTL;HEXA;CTSD;PSAP;HEXB;CTSB;CTSH;COL6A3;GNS;AGA;IDS;CBLN1;SERPINF1;PTGDS;NAGLU;NPC2;CTBS;PLOD1;PLA2G15;GGH;SIAE;MAN1C1;ERAP1;CTSZ;DPP7;EPDR1;CPQ","F9;SERPINA3;C3;ALB;C2;CD14;SERPINF2;LGALS1;PEPD;CPN1;COMP;ARPC4;MGAT2;TGFBI;MXRA8;C1RL","PLXNB2;HPR;SERPINA3;C3;ALB;FTL;C2;CD14;SERPINF2;COL6A3;TCN2;CTSC;TGFBI;SLC38A10","SERPINA3;C3;APOC1;APOC4-APOC2;C2;LCP1;ACTB;LGALS3BP;PLXDC2;CTSZ","FCGR3B;ANGPTL7;C3;ALB;ANG;C2;LCP1;B4GALT1;MRC1;RNASE4;ARHGDIA;CTSC;METRNL;SIAE;MAN2B2;ENPP4","SERPINA3;C3;C1QC;ALB;SERPINF2;COL6A3;SERPINF1;TGFBI;OLFML3","SERPINA3;C3;CST3;ALB;SERPINF2;COL6A3;LGALS3;MGAT1;SERPINF1;PTGDS;NPC2;LGALS3BP;TGFBI;MXRA8;STAB1;C1RL;CTSZ","C3;C2;PFN1;SERPINF2;COL6A3;LCP1;SERPINF1;ACTB;B2M;LGALS3BP;PLXDC2;LFNG;SLC38A10;C1RL;CPQ","PDGFB;CD14;CTSH;SPP1;NPC2;LGALS3BP;CD163;GOLM1;RNASE6;SLC38A10","C3;ALB;PSAP;HEXB;COL6A3;MRC1;RNASE4;B3GNT8","C3;SERPINA3;ALB;SERPINE1;C2;COL6A3;SERPINB6","","SERPINA3;C3;ALB","PLXNB2;MRC1;SERPINF1;CTSC;TGFBI;METRNL","","PSAP;PLOD1","METRNL;CD163","","ALB","ALB","","LGALS3BP;TGFBI","","HPR","C3"
"Neuron","CPLX1;PCDH17;VGF;SPINT2;COCH;LY6H;CLSTN1;NXPH4;NPTXR;C3;PENK;NPY;THY1;CHGB;FABP3;CALB1;CCK;ENO2;MAPT;KIT;IGF2R;SCG2;ATP1A3;STMN1;GAP43;IDS;NPPC;PCSK1;GDI1;L1CAM;GPC1;THBS2;CD200;NSF;EFNA5;CACNA2D1;CDH4;CDH8;CDH12;SST;YWHAG;RELN;BASP1;CNTN2;SPOCK1;NPTX1;TMEM132A;VWC2;SEZ6;EPHA10;FSTL4;RGMB;CPLX2;SEZ6L2;ISLR2;UNC5D;SHISA6;NEGR1;PRRT2;RTN4RL2;HS6ST3;CACNA2D3;CADM3;SYT2;XXYLT1;VSTM2A;PTPRN2;STMN2;IGSF8;NELL2;SERPINI1;CGREF1;OLFM1;CLSTN3;RTBDN;C1QTNF4;RTN4R;CNTNAP4;CLSTN2;ROBO2;CELSR2;NRN1;CBLN4;CACNA2D2;SCN3B;FAT2;STMN3;CNTN3;CNTNAP2;TAC3;AJAP1;NDRG4;MINPP1;CAMK2A;GDA;NRXN3;PCDHAC2","PGRMC1;PCDH17;EPHB6;VGF;SPINT2;COCH;SYT7;LY6H;CLSTN1;NPTXR;PENK;THY1;CHGB;FABP3;CALB1;CCK;ENO2;KIT;IGF2R;COL6A2;SCG2;GAP43;IDS;CBLN1;PCSK1;GDI1;L1CAM;GPC1;CD200;NSG1;EFNA5;CACNA2D1;CDH8;SST;RELN;BASP1;CNTN2;SPOCK1;CAMK2B;EPHA7;NPTX1;UBE2V2;TMEM132A;SEZ6;FSTL4;SEZ6L2;ISLR2;UNC5D;RTN4RL2;CBLN2;SCN4B;HS6ST3;CACNA2D3;CADM3;XXYLT1;PTPRN2;IGSF8;NELL2;SERPINI1;CLSTN3;C1QTNF1;C1QTNF4;PAPPA2;TEX15;RTN4R;CNTNAP4;CLSTN2;CELSR2;CACNA2D2;SCN3B;FAT2;CALY;CNTN3;CNTNAP2;CDH9;CAMK2A;GDA;NRXN3;PCDHAC2","ISLR;PCDH17;ST8SIA3;COCH;CNTN5;CLSTN1;NXPH3;C3;THY1;CHGB;KIT;COL6A2;SYT1;IDS;PCSK1;L1CAM;GPC1;NSF;RELN;CNTN2;DNM1;SPOCK1;MGAT5;CAMK2B;UBE2V2;TMEM132A;SEZ6;FSTL4;RGMB;NEGR1;RTN4RL2;OSCAR;CACNA2D3;CADM3;TMEM130;XXYLT1;NELL1;PTPRN2;NELL2;SERPINI1;OLFM1;CLSTN3;PAPPA2;CNTNAP4;TWSG1;CLSTN2;CELSR2;CA10;CBLN4;CACNA2D2;FAT2;CNTN3;TRHDE;TENM1;NDRG4;UBQLN1;MINPP1;NRXN3;PCDHAC2","HPR;PLG;SERPINC1;C3;IGKC;IGHM","ISLR;C3;CHGB;CALB1;KIT;SCG2;CALB2;THBS2;RELN;CNTN2;SPOCK1;MGAT5;NPTX1;TMEM132A;FSTL4;NEGR1;CADM3;IGSF8;SERPINI1;CNTNAP4;FAT2;TRHDE;NRXN3","PCDH17;NPTXR;CHGB;ENO2;IDS;CBLN1;L1CAM;GPC1;RELN;CNTN2;SPOCK1;SEMA3A;NPTX1;SEZ6;FSTL4;RTN4R;CNTNAP4;NRXN3;CA10;CACNA2D2;FAT2;MINPP1","PLG;SERPINC1;C3;IGKC;GAP43;GDI1","HPR;PLG;SERPINC1;C3;IGKC;FAT2;NRXN3","C3;PENK;IGHM","SERPINC1;C3;COL6A2","SERPINC1;C3;IGKC;DMXL2","C3;COL6A2;RELN;NPNT","C3;IGKC;RELN;C1QTNF4;ROBO2;CELSR2;FAT2;SLC24A2","VGF;CHGB;CNTN2;SEZ6;FSTL4;NEGR1;CADM3;NELL2;CNTN3","C3;CDH4","C3;SERPINC1","","ISLR;PLG;SERPINC1;C3;IGKC","NPPC;SEZ6;FAT2","","","","","","PLG","COL6A2;FAT2","COCH;SERPINC1","","HPR","C3"
"Oligodendrocytes","SHISA7;VSTM2B;FAM3C;GFRA2;CPLX1;GPR37;NCAM2;TGOLN2;PCDH7;ADAM11;ADAMTS4;NFASC;ENDOD1;CSPG5;COL1A1;TF;CLEC3B;CALB1;GSN;COL1A2;ENO2;GSTP1;MAPT;ACE;VCAN;ATP1A3;GAP43;PVALB;MAG;PTPRD;GPC1;DPP6;NPTX2;GSS;APLP1;PRELP;CDH6;CDH11;NXPH1;FKBP1A;CNTN2;EFEMP1;CNTN1;LSAMP;ENPP2;OPCML;TMEM132D;PCOLCE;EFNB3;MOG;QPCT;FBLN7;GPR158;C1QL3;C1QL2;GALNT10;ITIH5;GALNT13;CNTN4;TMEM132C;GALNT16;DPP10;SYT2;GALNT6;CADM4;TNR;SEMA4D;NEO1;KLK6;IGSF8;SLITRK1;NELL2;SEMA6A;SMOC1;SPON1;NLGN3;ADAM22;EXTL2;PCSK1N;SORCS3;CNTN6;CPQ","GSN;VSTM2B;GPR37;NCAM2;TGOLN2;PCDH7;ADAM11;SCRG1;NFASC;ENDOD1;COL1A1;COL3A1;TF;KRT1;CLEC3B;CALB1;SERPINE2;ENO2;GSTP1;QDPR;VCAN;GAP43;RAB4A;PVALB;PTPRD;SERPINB1;GPC1;DPP6;NPTX2;GSS;APLP1;MFAP4;CDH6;CDH11;GFRA1;FKBP1A;CNTN2;EFEMP1;CNTN1;LSAMP;ENPP2;OPCML;TMEM132D;PCOLCE;MOG;FBLN7;ELFN2;CSPG4;ITIH5;XYLT1;AEBP1;SULF2;CNTN4;TMEM132C;GALNT16;DPP10;GALNT6;CADM4;FAM3C;TNR;NEO1;KLK6;IGSF8;ARSG;SLITRK1;NELL2;COL12A1;JAM3;ADAM22;EXTL2;PLEKHB1;GNPTG;MMP17;SORCS3;CNTN6","VSTM2B;MATN2;SEMA3E;NCAM2;ADAM11;ATRN;NFASC;ENDOD1;COL3A1;TF;CLEC3B;GSN;SERPINE2;DCN;COL1A2;VCAN;MAG;PTPRD;MPZ;GPC1;DPP6;PRELP;CDH6;NXPH1;CNTN2;DNM1;ENPP2;TMEM132D;PCOLCE;QPCT;TMEM132E;CSPG4;PODN;GALNT10;ITIH5;SLITRK4;CNTN4;GALNT6;CADM4;TNR;NEO1;KLK6;SLITRK1;NELL2;S100A13;COL12A1;HAPLN2;SPON1;CA10;NLGN3;ADAM22;PCSK1N;GNPTG;CNTN6;CPQ","CP;SERPINA3;COL1A1;COL3A1;TF;SERPIND1;GSN;ITIH2;PRELP;ENPP2;AEBP1;IL1RAP","MATN2;ADAM11;SLITRK3;CALB1;DCN;COL1A2;LINGO3;VCAN;PVALB;PTPRD;DPP6;MASP1;CNTN2;EFEMP1;CNTN1;ENPP2;PCOLCE;MOG;CSPG4;ITIH5;XYLT1;AEBP1;TNR;IGSF8;HAPLN2;SEMA6A;ADAM22;CNTN6;CPQ","MATN2;NFASC;DCN;COL1A2;ENO2;VCAN;GPC1;NPTX2;MASP1;APLP1;CNTN2;CNTN1;ITIH5;GALNT13;SEMA4D;NEO1;KLK6;SEMA6A;CA10;EMILIN3;ADAM22;CPQ","CP;SERPINA3;TF;SERPIND1;GAP43;ITIH2;LUM;KLK6;COL12A1","ATRN;CP;SERPINA3;COL1A1;TF;SERPIND1;GSN;ITIH2;LUM;EFEMP1;ITPR2","SERPINA3;NCAM2;CP;COL3A1;TF;GSN;COL1A2;ITIH2;ENPP2;AEBP1","ATRN;IGF2;TF;APOD;SERPIND1;GSN;MASP1;LUM;PRELP;PCOLCE;IL1RAP","CP;SERPINA3;TF;GSN","ATRN;SERPINA3;TF;APOD;GSN;DCN;VCAN;S100A4;LUM;CDH6;CDH11;ENPP2;PCOLCE;CSPG4;ITIH5;AEBP1;NDRG1;KLK6;COL12A1;ADAM22;PLEKHB1","ATRN;COL1A1;APOD;SERPIND1;GSN;GSTP1;DPP6;EFEMP1;CNTN1;GALNT10;ITIH5;KLK6;EXTL2;CPQ","ENDOD1;APOD;SERPIND1;GSN;COL1A2;CNTN2;CNTN1;PCOLCE;AEBP1;NELL2;SMOC1;NLGN3;PCSK1N","CP;TF;AEBP1;NEO1;IL1RAP","CP;SERPINA3","","CP;SERPINA3;TF;APOD;COL1A2;ENPP2","CP;COL1A1;GSN;COL1A2;APLP1;CNTN1;LSAMP","","ENPP2","FBN1;PRELP;PCOLCE;GALNT10","","CP;PCOLCE","","GSTP1","TF;GSN","KRT1","",""
"Endothelia","GOLIM4;ADAM10;NRP1;CALU;SEMA7A;SH3BGRL;PAPLN;HPRT1;FN1;LAMB1;CD55;SLC3A2;COL4A2;TXN;LAMC1;CD59;EDN3;OGN;EFNA1;CDH5;SERPINB6;PGM1;COL18A1;BCAM;PLTP;LAMB2;HSPG2;TGFBR3;PCDH1;ART3;NID2;ECM1;MAN2A1;C16orf89;CD109;LYSMD3;LSR;SPOCK2;ESAM;WFDC1;PCDH12;SEMA3G;B3GNT2;SLC39A10;HEG1;ADAMTS8","GOLIM4;ADAM10;NRP1;SEMA7A;SH3BGRL;HPRT1;FN1;TFRC;VWF;BCHE;LAMB1;SLC3A2;COL4A2;TXN;LAMC1;NID1;PVR;CA4;LAMA1;ADM;TIE1;COL18A1;PPIC;LAMB2;HSPG2;TGFBR3;COL14A1;PCDH1;NID2;ECM1;MAN2A1;GALNT18;C16orf89;CD109;LSR;LTBP4;PCDH19;MMRN2;CD248;CD93;SEMA3G;B3GNT2;SLC39A10;HEG1;PROCR;ADAMTS8","GOLIM4;ADAM10;NRP1;LAMA5;ECM2;PAPLN;COL4A1;FN1;TFRC;VWF;BCHE;SLC3A2;VIM;ANXA5;LTA4H;SRGN;LAMC1;F5;PLS3;NID1;PVR;OGN;FLNA;BGN;CA4;SERPINB6;PGM1;COL18A1;PRCP;PLTP;HSPG2;TGFBR3;COL14A1;ART3;NID2;PTPRK;LAMA4;ECM1;MAN2A1;GALNT18;C16orf89;CD109;LSR;OSMR;SPON2;PDGFD;MANSC1;CD248;PCDH12;SEMA3G;B3GNT2;FBLN5;SLC39A10;PROCR;ADAMTS8","SERPINA1;SERPINA3;APOA1;VTN;CFI;C8G;F5;LBP;BCAM","ECM2;TIMP1;TTR;BCHE;LAMB1;SOD3;ANXA5;F5;NID1;PVR;OGN;EFNA1;PTPRM;COL18A1;PRCP;PLTP;LAMB2;HSPG2;ART3;NID2;PTPRK;IGFBP7;GALNT18;CD109;ROBO4;FBLN5","SEMA7A;F5;NID1;OGN;EFNA1;PRCP;HSPG2;COL14A1;NID2;PTPRK;IGFBP7","SERPINA1;SERPINA3;APOA1;FN1;VTN;CFI;F5;ANPEP;LBP;HSPG2;AOC3;C16orf89","GOLIM4;SERPINA1;SERPINA3;APOA1;VTN;CFI;COL18A1;PLTP","SERPINA3;GOLIM4;SERPINA1;FN1;ICAM2;NID1;CDH5;HSPG2","SERPINA1;TIMP1;APOA1;TTR;VWF;HSPB1;ANXA5;PLS3;NID1;ANPEP;CDH5;HSPG2;TGFBR3;COL14A1;NID2;CD109;SECTM1","SERPINA1;SERPINA3;APOA1;FAP","ADAM10;ECM2;SERPINA3;TTR;F5;OGN;PRCP;PLTP;HSPG2;NID2;IGFBP7","FN1;TTR;VTN;CFI;LAMC1;CDH5;COL18A1;PLTP;HSPG2;IGFBP7","LAMA5;CD55;NID1;OGN;EFNA1;PLTP;FBLN5","","SERPINA3;CFI;LAMC1;SERPINB6","","GOLIM4;SERPINA1;SERPINA3;TIMP1;FN1","SLC3A2;COL18A1;A4GALT","","TTR;SOD3;F5;NID1;IGFBP7","ANPEP","","","CFI;C8G","PAPLN;VWF;LAMB1;TGFBR3;PROCR","FN1;CDH5;HSPG2","","","SEMA7A;PAPLN;FN1;ECM1"
