Unique.ID,net.colors
SERPINB6|P35237,turquoise
APOC2|P02655,brown
NRP2|O60462,blue
CLN5|O75503,magenta
IGKV3-7|A0A075B6H7,brown
IGLV4-69|A0A075B6H9,yellow
IGLV8-61|A0A075B6I0,yellow
IGLV4-60|A0A075B6I1,yellow
IGLV1-50|A0A075B6I6,grey
IGLV7-46|A0A075B6I9,yellow
IGLV3-10|A0A075B6K4,yellow
IGLV3-9|A0A075B6K5,brown
IGKV2-28|P01615,brown
IGHV4-4|A0A075B6R2,yellow
IGKV2-24|A0A075B6R9,yellow
IGKV2D-29|A0A075B6S2,yellow
IGKV1-27|A0A075B6S5,yellow
IGKV1D-37|A0A075B6S9,yellow
IGHV3OR16-12|A0A075B7B8,yellow
IGHV1OR15-1|A0A075B7D0,brown
NUCB2|A0A087WSV8,grey
TXNRD1|Q16881,grey
CPB2|Q96IY4,brown
IGKV3D-15|A0A087WSY6,yellow
IGKV1D-8|A0A087WSZ0,grey
CNTNAP4|Q9C0A0,blue
COL1A2|P08123,grey
PTPRJ|Q12913,grey
KHSRP|Q92945,yellow
CNTN5|O94779,blue
NBL1|P41271,turquoise
COX16|Q9P0S2,red
CSPG5|O95196,turquoise
OSCAR|A0A087WV17,green
RRBP1|Q9P2E9,grey
TNXB|A0A087WWA5,grey
SELENOM|Q8WWX9,green
NRN1|Q9NPD7,turquoise
LAMA2|P24043,green
ST3GAL6|Q9Y274,blue
BCAM|P50895,turquoise
COL5A1|P20908,red
SEZ6L2|Q6UXD5-3,turquoise
FXYD6|Q9H0Q3,blue
RNASET2|O00584,magenta
FCGR3B|A0A087WZR4,brown
CCL14|Q16627,grey
CTSH|P09668,grey
COL15A1|P39059,yellow
CHL1|A0A087X0M8,turquoise
COL6A1|P12109,turquoise
KRT81|O43790,brown
CLCNKB|P51801,turquoise
UNC5C|O95185,grey
SELENOF|O60613,blue
GPX3|P22352,blue
ACAN|P16112,grey
NCAM1|A0A087X1V2,blue
EFHD1|Q8WYH2,blue
EFNA5|P52803,turquoise
AP2B1|P63010,grey
SEMA6A|Q9H2E6,turquoise
CACHD1|Q5VU97,blue
FGFR2|P21802,turquoise
PCMT1|P22061,turquoise
F5|P12259,red
IGKV3-11|P04433,yellow
IGHD|P01880,brown
IGHV3-49|A0A0A0MS15,brown
LILRB4|Q8NHJ6,blue
CAMK2G|Q13555,blue
PDGFA|P04085,grey
ACE|P12821,grey
PLS3|P13797,green
DDR1|Q08345,grey
ATP1A3|P13637,grey
IGKV6D-21|A0A0A0MT36,grey
CHGB|A0A0A0MT66,grey
IGKJ4|A0A0A0MT69,yellow
C16orf89|Q6UX73,turquoise
NLGN4X|Q8N0W4,turquoise
DBI|P07108,blue
FAIM2|Q9BWQ8,turquoise
RGMA|Q96B86,turquoise
GPI|P06744,turquoise
TMED7|Q86XR7-2,green
ARPC4|P59998,brown
NSG1|P42857,turquoise
IGHV3-15|A0A0B4J1V0,yellow
IGLV9-49|A0A0B4J1Y8,yellow
IGHV3-72|A0A0B4J1Y9,yellow
IGLL5|A0A0B4J231,yellow
LYZ|P61626,yellow
IGHV3OR16-9|A0A0B4J2B5,yellow
IGKV1-13|P0DP09,grey
CRTAC1|Q9NQ79,turquoise
ARSA|P15289,blue
LAMB4|A0A0C4DG90,brown
SEMA3B|Q13214,grey
LTBP4|Q8N2S1,grey
IGKV6-21|A0A0C4DH24,brown
IGKV3D-20|A0A0C4DH25,yellow
IGHV1-24|A0A0C4DH33,yellow
IGHV4-28|A0A0C4DH34,yellow
IGHV3-35|A0A0C4DH35,yellow
IGHV3-38|A0A0C4DH36,yellow
IGHV5-51|A0A0C4DH38,yellow
IGKV1-8|A0A0C4DH67,brown
IGKV1-12|P01611,brown
NRXN1|P58400,turquoise
NRXN1|Q9ULB1-2,turquoise
NCAM1|A0A0D9SF30,turquoise
DNM1|Q05193,blue
NTRK3|Q16288,turquoise
MOG|Q16653,blue
CCHCR1|A0A0G2JHN4,blue
HSPA1B|P0DMV8,grey
GBA|P04062,magenta
PRRT2|Q7Z6L0,turquoise
LAIR2|Q6ISS4,grey
LILRA2|Q8N149,turquoise
C4A|A0A0G2JPR0,grey
MAMDC2|Q7Z304,grey
SERPINA1|A0A0G2JRN3,grey
UNKNOWN|A0A0G2JRQ6,yellow
IGLV5-45|A0A0G2JSC0,brown
STMN3|Q9NZ72,turquoise
TMEM132E|A0A0J9YW40,blue
IGHV3-64D|A0A0J9YX35,yellow
IGHV5-10-1|A0A0J9YXX1,brown
UNKNOWN|A0A0J9YY99,yellow
NRXN3|A0A0U1RQC5,turquoise
EFEMP1|Q12805,blue
PRG4|Q92954,grey
HLA-DPA1|P20036,grey
HLA-C|Q29963,grey
DDAH2|O95865,grey
TNXB|P22105,green
SELENOP|P49908,grey
SELENOS|Q9BQE4,brown
ASAH1|Q13510,blue
IGHM|P01871,brown
CTSD|P07339,magenta
ATP6AP2|O75787,turquoise
TRBV7-2|A0A1B0GXF2,brown
CNTN2|A0A1W2PQ11,blue
FCGR3A|P08637,blue
JAML|Q86YT9,grey
NPTXR|O95502,turquoise
IGHA1|P01876,yellow
IGHA2|P01877,yellow
PPT1|P50897,grey
IGHG4|P01861,yellow
ADAM9|Q13443,grey
IGLC7|A0M8Q6,grey
SSC5D|A1L4H1,grey
STMN1|P16949,turquoise
PRNP|P04156,turquoise
ADGRB2|O60241,turquoise
IGKV2-29|A2NJV5,yellow
FAM234B|A2RU67,turquoise
FITM1|A5D6W6,blue
ADAM17|P78536,grey
MAP1LC3B|Q9GZQ8,green
WBP2|Q969T9,turquoise
IGLON5|A6NGN9,turquoise
SHISA7|A6NL88,grey
VSTM2B|A6NLU5,turquoise
PTPA|Q15257,grey
IGFBP3|P17936,grey
PPP5C|P53041,turquoise
PDGFB|P01127,grey
SGSM3|Q96HU1,yellow
MB|P02144,blue
APOC3|P02656,brown
FBLN1|P23142-4,grey
BMP7|P18075,grey
CD58|P19256,blue
KIAA0319L|Q8IZA0,blue
PRSS3|P35030,grey
CD55|P08174,turquoise
SLITRK2|Q9H156,turquoise
ERBB3|P21860,turquoise
SDCBP|O00560,grey
ADAM11|O75078,blue
C1R|B4DPQ0,green
ROBO4|Q8WZ75,blue
UNKNOWN|B4E1Z4,brown
ADA2|Q9NZK5,blue
TCN2|P20062,yellow
VSTM2A|Q8TAG5,turquoise
SGCE|O43556,blue
APLP1|P51693,turquoise
NBR1|Q14596,turquoise
ITIH4|B7ZKJ8,brown
BMP1|P13497,turquoise
SEZ6L|Q9BYH1,turquoise
PCDH9|Q5VT82,turquoise
PVALB|P20472,blue
C2orf40|Q9H1Z8,grey
HSPE1|P61604,grey
CCDC126|Q96EE4,grey
UNC5D|Q6UXZ4,grey
ITIH5|C9J2H1,magenta
WFIKKN2|Q8TEU8,blue
RNF13|O43567,turquoise
CACNA2D2|Q9NY47,turquoise
APOD|P05090,yellow
CYCS|P99999,red
CD163|Q86VB7,grey
PSAP|P07602,yellow
MARCO|Q9UEW3,grey
FAM3C|C9JP35,turquoise
NXPH1|P58417,turquoise
NRCAM|Q92823,turquoise
ACP1|P24666,blue
C1QB|P02746,blue
CPLX2|Q6PUV4,turquoise
CPLX1|O14810,turquoise
HGFAC|Q04756,brown
TLL1|O43897,grey
JCHAIN|P01591,brown
SIL1|Q9H173,red
CDH18|Q13634,brown
CDH6|P55285,turquoise
COL12A1|Q99715,black
NXPH3|O95157,blue
NPNT|Q6UXI9,grey
CRHBP|P24387,yellow
ADAM28|Q9UKQ2,black
SDC2|P34741,grey
IMPA1|P29218,turquoise
SKP1|P63208,grey
NDRG1|Q92597,yellow
CALM2|P0DP23,turquoise
NPC2|P61916,turquoise
ADGRL3|E7EN28,blue
PROC|P04070,blue
PTPRM|P28827,green
PRSS1|P07477,grey
LTF|P02788,grey
DCC|P43146,turquoise
CHRD|Q9H2X0,blue
CFI|P05156,brown
FOLR2|P14207,grey
ENPP2|Q13822-3,magenta
ADAM23|O75077,blue
NRP1|O14786,blue
TNC|P24821,grey
MAN2B2|Q9Y2E5,grey
CSF1R|P07333,blue
DLD|P09622,turquoise
DPP6|P42658,turquoise
EGFR|Q504U8,blue
EPHA4|P54764,turquoise
C1QTNF3|Q9BXJ4,grey
PTPRK|Q15262,blue
THY1|P04216,blue
SCN3B|Q9NY72,turquoise
TMEM25|Q86YD3,turquoise
ADM|P35318,blue
LAYN|Q6UX15,grey
SCGB1A1|P11684,brown
CD59|P13987,turquoise
DDB1|Q16531,turquoise
C8B|P07358,brown
PLEKHB1|Q9UF11,blue
COL21A1|Q96P44,grey
MFGE8|Q08431,blue
SLC3A2|P08195,blue
FKBP4|Q02790,blue
UBC|F5H265,turquoise
PLD4|Q96BZ4,blue
ARF3|P61204,blue
TUBA1C|Q9BQE3,blue
GNS|P15586,blue
DKK3|Q9UBP4,turquoise
DGCR2|P98153,grey
ST13|P50502,grey
NELL2|Q99435,turquoise
MMP14|P50281,grey
ROBO2|Q9HCK4,grey
GOLIM4|O00461,grey
MASP1|P48740-3,grey
TGOLN2|O43493,turquoise
FGFR3|P22607,grey
ADAM22|Q9P0K1,turquoise
ESAM|Q96AP7,turquoise
HSPB1|P04792,black
TFRC|P02786,blue
B3GAT3|O94766,grey
GRIA4|P48058,turquoise
PMFBP1|Q8TBY8,turquoise
ACYP1|P07311,blue
SERPINA10|Q9UK55,brown
SERPINA3|G3V3A0,brown
LTBP2|Q14767,black
FBLN5|Q9UBX5,blue
SYNE3|Q6ZMZ3,yellow
LAMB1|P07942,blue
MST1|P26927,brown
COMP|P49747,brown
NRXN2|Q9P2S2,turquoise
PTPRF|H0Y4H1,turquoise
APMAP|Q9HDC9,brown
CD44|P16070,red
ENTPD6|O75354,grey
AMPH|P49418,turquoise
KLKB1|P03952,brown
KIAA1549L|H0YDE5,turquoise
PRPF4B|Q13523,brown
JAM2|P57087,blue
GDF11|O95390,grey
TPM1|P09493,grey
B2M|H0YLF3,blue
TYRO3|Q06418,turquoise
LSAMP|H3BLU2,turquoise
HEXA|P06865,blue
MT3|P25713,grey
HAGH|Q16775,blue
NUTF2|P61970,turquoise
LOXL1|Q08397,grey
PRAP1|Q96NZ9,yellow
NCAM1|H7BYX6,blue
PDIA3|H7BZJ3,grey
RTN4R|Q9BZR6,turquoise
CD99|H7C2F2,grey
NCAM2|O15394,turquoise
UBE2V1|Q13404,turquoise
CRISP3|P54108,brown
NSF|P46459,turquoise
EIF5A|P63241,red
WSCD1|Q658N2,grey
ATP1B2|P14415,grey
CCER2|I3L3R5,pink
KIF5A|Q12840,yellow
NELL1|Q92832,blue
RGMB|Q6NW40,turquoise
SEMA4B|Q9NPR2,grey
ITGA7|Q13683,green
DDT|P30046,blue
EPHA10|Q5JZY3,turquoise
CDH8|P55286,turquoise
CNDP1|J3KRP0,grey
SECTM1|Q8WVN6,grey
ICAM2|P13598,yellow
TWSG1|Q9GZX9,blue
ARSG|Q96EG1,blue
ICOSLG|O75144,blue
NECTIN2|Q92692,turquoise
PARK7|Q99497,turquoise
DNASE2|O00115,blue
HDHD2|Q9H0R4,green
CFD|P00746,yellow
APOC1|P02654,brown
MFAP4|P55083,blue
MYDGF|Q969H8,turquoise
KLK11|Q9UBX7,grey
GGCT|O75223,brown
A1BG|M0R009,yellow
C3|M0R1Q1,grey
MASP2|O00187,brown
SIRPB1|O00241,blue
PGRMC1|O00264,blue
MATN2|O00339,red
QSOX1|O00391,green
GFRA2|O00451,turquoise
MANBA|O00462,blue
AGRN|O00468-6,turquoise
CHL1|O00533,turquoise
MAN2B1|O00754,blue
ISLR|O14498,green
NCAN|O14594,turquoise
ADAM10|O14672,blue
TPP1|O14773,magenta
APOL1|O14791,brown
PCDH17|O14917,turquoise
PLXNB2|O15031,blue
SEMA3E|O15041,blue
EPHB6|O15197,grey
ADAMDEC1|O15204,grey
LAMA5|O15230,blue
VGF|O15240,turquoise
CHAD|O15335,grey
GPR37|O15354,turquoise
PLXNB1|O43157,green
ST8SIA3|O43173,pink
SPINT2|O43291,turquoise
LRRTM2|O43300,turquoise
COCH|O43405,grey
B4GAT1|O43505,turquoise
CHST10|O43529,grey
SYT7|O43581-2,blue
ANGPTL7|O43827,grey
CHST1|O43916,blue
ADGRB3|O60242,blue
HS6ST1|O60243,turquoise
PCDH7|O60245,turquoise
SUSD5|O60279,turquoise
MAN1A2|O60476,turquoise
GPR37L1|O60883,grey
CUTA|O60888,turquoise
PLXNA2|O75051,pink
FAM20B|O75063,blue
EFCAB14|O75071,blue
FZD7|O75084,green
ADAMTS4|O75173,grey
SEMA7A|O75326,turquoise
SH3BGRL|O75368,turquoise
ERN1|O75460,brown
CA11|O75493,grey
TNFRSF21|O75509,turquoise
SCRG1|O75711,blue
B3GALNT1|O75752,turquoise
PALM|O75781,blue
ATRN|O75882,yellow
CPD|O75976,blue
STC2|O76061,grey
ECM2|O94769,blue
LY6H|O94772,turquoise
NFASC|O94856,turquoise
ADGRL1|O94910,turquoise
ENDOD1|O94919,turquoise
CLSTN1|O94985,blue
CLSTN1|O94985-2,turquoise
SLITRK5|O94991,blue
NXPH4|O95158,grey
PCDH8|O95206,turquoise
PAPLN|O95428,grey
APOM|O95445,brown
ADAMTS2|O95450,grey
GNAS|O95467,grey
ANGPTL1|O95841,grey
EFEMP2|O95967,turquoise
LDHA|P00338,turquoise
GSR|P00390,turquoise
SOD1|P00441,turquoise
CP|P00450,yellow
F13A1|P00488,grey
HPRT1|P00492,turquoise
GOT2|P00505,turquoise
EGFR|P00533,green
PGK1|P00558,turquoise
F2|P00734,brown
HP|P00738,brown
HPR|P00739,brown
F9|P00740,brown
F10|P00742,brown
PLG|P00747,brown
F12|P00748,brown
SERPINC1|P01008,brown
SERPINA1|P01009,yellow
SERPINA3|P01011,yellow
AGT|P01019,grey
A2M|P01023,blue
C3|P01024,yellow
C5|P01031,brown
TIMP1|P01033,grey
CST3|P01034,pink
CST4|P01036,blue
KNG1|P01042,brown
KNG1|P01042-2,yellow
PENK|P01210,turquoise
PDYN|P01213,grey
CALCA|P01258,grey
NPY|P01303,turquoise
IGF2|P01344,black
IGKV1-33|P01593,yellow
IGKV1-39|P01597,yellow
IGKV1-17|P01599,yellow
IGKV1-5|P01602,yellow
IGKV3-20|P01619,yellow
IGKV3-15|P01624,yellow
IGLV1-47|P01700,yellow
IGLV1-51|P01701,yellow
IGLV3-19|P01714,yellow
IGLV3-25|P01717,yellow
IGLV6-57|P01721,yellow
IGHV1-69|P01742,yellow
IGHV3-30|P01768,brown
IGHV3-7|P01780,brown
IGHV2-70|P01814,yellow
PIGR|P01833,blue
IGKC|P01834,yellow
IGHG1|P01857,yellow
IGHG2|P01859,yellow
IGHG3|P01860,yellow
HLA-DRB1|P01912,grey
COL1A1|P02452,grey
COL2A1|P02458,grey
COL3A1|P02461,grey
COL4A1|P02462,blue
KRT14|P02533,grey
KRT6A|P02538,grey
APOA1|P02647,brown
APOE|P02649,turquoise
APOA2|P02652,brown
FGA|P02671,brown
FGB|P02675,brown
FGG|P02679,brown
CRP|P02741,grey
APCS|P02743,brown
C1QA|P02745,black
C1QC|P02747,pink
C9|P02748,brown
APOH|P02749,brown
LRG1|P02750,yellow
FN1|P02751,turquoise
RBP4|P02753,yellow
AMBP|P02760,yellow
ORM1|P02763,yellow
AHSG|P02765,brown
TTR|P02766,yellow
ALB|P02768,yellow
GC|P02774,brown
TF|P02787,yellow
HPX|P02790,brown
FTL|P02792,blue
FTH1|P02794,grey
ANG|P03950,yellow
C4BPA|P04003,brown
VTN|P04004,brown
FUCA1|P04066,blue
ALDOA|P04075,turquoise
CSTB|P04080,grey
APOB|P04114,grey
LCAT|P04180,grey
HRG|P04196,brown
A1BG|P04217-2,brown
KRT1|P04264,grey
S100B|P04271,red
VWF|P04275,turquoise
GAPDH|P04406,turquoise
ATP1B1|P05026,turquoise
CHGB|P05060,turquoise
APP|P05067,turquoise
S100A8|P05109,grey
SERPINE1|P05121,black
SERPINA5|P05154,brown
SERPING1|P05155,yellow
F13B|P05160,brown
ICAM1|P05362,grey
SCG5|P05408-2,turquoise
FABP3|P05413,turquoise
REG1A|P05451,yellow
CLEC3B|P05452,turquoise
HLA-A|P05534,grey
SERPINA7|P05543,brown
SERPIND1|P05546,brown
CALB1|P05937,blue
BCHE|P06276,blue
CCK|P06307,turquoise
IGKV2-30|P06310,yellow
IGKV4-1|P06312,brown
IGHV4-34|P06331,yellow
GSN|P06396,yellow
GSN|P06396-2,yellow
C2|P06681,yellow
APOA4|P06727,brown
ENO1|P06733,blue
SERPINE2|P07093,turquoise
SERPINE2|P07093-2,grey
LDHB|P07195,turquoise
NEFL|P07196,grey
PROS1|P07225,grey
P4HB|P07237,blue
C8A|P07357,brown
C8G|P07360,brown
DCN|P07585,red
HEXB|P07686,magenta
CTSL|P07711,turquoise
PFN1|P07737,blue
CTSB|P07858,turquoise
THBS1|P07996,blue
RNASE1|P07998,turquoise
SERPINA6|P08185,brown
HSP90AB1|P08238,blue
MMP2|P08253,grey
SOD3|P08294,grey
MGP|P08493,grey
CD14|P08571,blue
COL4A2|P08572,grey
MELTF|P08582,blue
CFH|P08603,brown
VIM|P08670,blue
SERPINF2|P08697,brown
ANXA5|P08758,blue
ENO2|P09104,turquoise
GSTP1|P09211,turquoise
LGALS1|P09382,grey
QDPR|P09417,blue
SPARC|P09486,red
CSF1|P09603,turquoise
PDGFRB|P09619,turquoise
C1S|P09871,blue
LTA4H|P09960,blue
ALDOC|P09972,turquoise
C4A|P0C0L4,brown
C4B|P0C0L5,yellow
LINGO3|P0C6S8,blue
SAA1|P0DJI8,yellow
INAFM2|P0DMQ5,blue
IGLC3|P0DOY3,yellow
SRGN|P10124,red
RNASE2|P10153,grey
GAA|P10253,blue
SPP1|P10451,grey
SPP1|P10451-3,turquoise
SPP1|P10451-5,turquoise
PTPRF|P10586,turquoise
TXN|P10599,turquoise
C7|P10643,black
CHGA|P10645,turquoise
KIT|P10721,blue
CLU|P10909,grey
HSPA5|P11021,turquoise
LAMC1|P11047,grey
LAMP1|P11279,blue
FGFR1|P11362,grey
FGFR1|P11362-21,turquoise
CETP|P11597,grey
IGF2R|P11717,turquoise
COL6A2|P12110,blue
COL6A3|P12111,green
CKB|P12277,turquoise
FCGR2A|P12318,turquoise
PEPD|P12955,brown
LAMP2|P13473,blue
SCG2|P13521,turquoise
NCAM1|P13591,turquoise
VCAN|P13611,blue
KRT10|P13645,grey
KRT5|P13647,grey
C6|P13671,brown
LCP1|P13796,green
EDN3|P14138,grey
SELL|P14151,yellow
MIF|P14174,turquoise
CD99|P14209,grey
PRKCSH|P14314-2,turquoise
NID1|P14543,grey
PKM|P14618,turquoise
PKM|P14618-2,turquoise
ACYP2|P14621,turquoise
HSP90B1|P14625,turquoise
CPB1|P15086,blue
ANPEP|P15144,black
PVR|P15151-2,grey
CPN1|P15169,brown
B4GALT1|P15291,blue
CSF2RA|P15509,yellow
TIMP2|P16035,grey
NQO2|P16083,turquoise
CBR1|P16152,blue
PCSK2|P16519,grey
CPE|P16870,blue
FAH|P16930,yellow
GOT1|P17174,turquoise
GAP43|P17677,yellow
GM2A|P17900,turquoise
LGALS3|P17931,red
IGFBP2|P18065,grey
LBP|P18428,brown
PGAM1|P18669,turquoise
PAM|P19021,turquoise
CDH2|P19022,turquoise
VCAM1|P19320,grey
HK1|P19367,turquoise
ORM2|P19652,yellow
ITIH2|P19823,brown
ITIH1|P19827,brown
AMY2B|P19961,grey
RAB4A|P20338,blue
TAC1|P20366,blue
PMCH|P20382,grey
PZP|P20742,grey
OGN|P20774,blue
EFNA1|P20827,turquoise
MAG|P20916,turquoise
AGA|P20933,turquoise
FLNA|P21333,grey
BMP6|P22004,green
IDS|P22304,turquoise
CALB2|P22676,turquoise
IGFBP4|P22692,blue
CA4|P22748,blue
CPN2|P22792,brown
PROZ|P22891,brown
MRC1|P22897,grey
IGHV1-2|P23083,yellow
FBLN1|P23142,green
PPIB|P23284,grey
CBLN1|P23435,blue
PTPRD|P23468,turquoise
PTPRD|P23468-2,grey
PTPRG|P23470,turquoise
PTPRZ1|P23471,turquoise
OMG|P23515,blue
NPPC|P23582,yellow
IGFBP6|P24592,grey
IGFBP5|P24593,blue
MPZ|P25189,blue
AZGP1|P25311,yellow
CTSS|P25774,turquoise
MSN|P26038,grey
S100A4|P26447,grey
MGAT1|P26572,green
CNTFR|P26992,grey
PON1|P27169,brown
CALR|P27797,turquoise
CANX|P27824,grey
PCSK1|P29120,grey
TPP2|P29144,brown
SERPINA4|P29622,brown
MARCKS|P29966,grey
PRDX6|P30041,blue
PEBP1|P30086,turquoise
PDIA3|P30101,blue
AXL|P30530,turquoise
SERPINB1|P30740,blue
CORO1A|P31146,blue
CASP14|P31944,yellow
YWHAB|P31946,grey
L1CAM|P32004,turquoise
PRDX2|P32119,blue
MAN1A1|P33908,turquoise
RNASE4|P34096,yellow
GPC1|P35052,blue
RDX|P35241,blue
THBS2|P35442,red
THBS4|P35443,blue
KRT9|P35527,grey
SAA4|P35542,brown
FBN1|P35555,grey
TIE1|P35590,blue
MYH11|P35749,brown
IGFALS|P35858,brown
KRT2|P35908,grey
KDR|P35968,grey
CHI3L1|P36222,blue
SERPINF1|P36955,grey
TGFBR2|P37173,green
TALDO1|P37837,brown
COL18A1|P39060,blue
CAPG|P40121,grey
IL6ST|P40189,turquoise
MDH1|P40925,turquoise
MDH2|P40926,turquoise
CD200|P41217,turquoise
PTGDS|P41222,yellow
PRCP|P42785,grey
MCAM|P43121,blue
CTSO|P43234,blue
BTD|P43251,blue
AFM|P43652,yellow
PPIC|P45877,turquoise
NPTX2|P47972,turquoise
ME1|P48163,pink
PCP4|P48539,blue
GSS|P48637,turquoise
HSPA13|P48723,green
MASP1|P48740,black
MASP1|P48740-2,grey
NOV|P48745,black
LMAN1|P49257,grey
MAN2A2|P49641,turquoise
GDI2|P50395,grey
APLP1|P51693-2,turquoise
LUM|P51884,yellow
PRELP|P51888,blue
EFNA3|P52797-2,grey
EFNB2|P52799,turquoise
NDST1|P52848,grey
CTSC|P53634,grey
CACNA2D1|P54289,turquoise
CACNA2D1|P54289-2,turquoise
NAGLU|P54802,blue
PLTP|P55058,green
AQP4|P55087,green
LAMB2|P55268,blue
CDH4|P55283,turquoise
CDH11|P55287,turquoise
CDH13|P55290,turquoise
CDH15|P55291,grey
CCL18|P55774,yellow
GFRA1|P56159,blue
NRXN2|P58401,turquoise
TPI1|P60174,turquoise
ACTB|P60709,turquoise
UBE2N|P61088,grey
SST|P61278,turquoise
B2M|P61769,grey
YWHAG|P61981,turquoise
YWHAE|P62258,turquoise
ACTA2|P62736,grey
PPIA|P62937,blue
FKBP1A|P62942,turquoise
GRB2|P62993,turquoise
YWHAZ|P63104,turquoise
UBE2L3|P68036,green
EEF1A1|P68104,grey
HBB|P68871,grey
HBA1|P69905,grey
SIRPA|P78324,turquoise
GSTO1|P78417,blue
RELN|P78509,blue
GPLD1|P80108,brown
BASP1|P80723,turquoise
IGLV3-21|P80748,yellow
DCD|P81605,grey
MXRA7|P84157-2,turquoise
FBLN2|P98095,blue
HSPG2|P98160,yellow
EFNB1|P98172,blue
B4GALNT1|Q00973,grey
CTBS|Q01459,magenta
FABP5|Q01469,blue
TAGLN|Q01995,black
DSC2|Q02487,turquoise
PLOD1|Q02809,grey
NUCB1|Q02818,magenta
AKAP12|Q02952,grey
TGFBR3|Q03167,red
CFHR1|Q03591,brown
NOTCH2|Q04721,turquoise
GLO1|Q04760,blue
COL14A1|Q05707,turquoise
ZP2|Q05996,grey
ITIH3|Q06033,grey
APLP2|Q06481,turquoise
FMOD|Q06828,red
PRDX1|Q06830,turquoise
DPT|Q07507,black
LRP1|Q07954,blue
PCDH1|Q08174-2,turquoise
LGALS3BP|Q08380,black
DSC1|Q08554,grey
SPOCK1|Q08629,turquoise
MGAT3|Q09327,turquoise
MGAT5|Q09328,pink
FAM69C|Q0P6D2,turquoise
MGAT2|Q10469,green
GALNT2|Q10471,turquoise
GALNT1|Q10472,turquoise
ASPH|Q12797,pink
FSTL1|Q12841,grey
CNTN1|Q12860,turquoise
MERTK|Q12866,yellow
LMAN2|Q12907,turquoise
SELENBP1|Q13228,blue
CHIT1|Q13231,grey
PTPRS|Q13332,turquoise
PTPRS|Q13332-5,grey
SLC39A6|Q13433,grey
ART3|Q13508,green
CAMK2B|Q13554,blue
TPBG|Q13641,turquoise
ALCAM|Q13740,turquoise
BLMH|Q13867,turquoise
COTL1|Q14019,turquoise
NID2|Q14112,blue
DAG1|Q14118,blue
DSG2|Q14126,grey
EIF3A|Q14152,brown
MLEC|Q14165,turquoise
FGL2|Q14314,yellow
GAS6|Q14393,turquoise
SPARCL1|Q14515,pink
HABP2|Q14520,brown
SEMA3A|Q14563,blue
ITPR2|Q14571,yellow
DSC3|Q14574,blue
ITIH4|Q14624,brown
MESD|Q14696,turquoise
GANAB|Q14697,blue
OPCML|Q14982,turquoise
TMEM132D|Q14C87,turquoise
PCOLCE|Q15113,blue
PEA15|Q15121,blue
NECTIN1|Q15223,green
PTPRR|Q15256,turquoise
RCN1|Q15293,yellow
EPHA7|Q15375,grey
SHH|Q15465,yellow
TGFBI|Q15582,red
CHI3L2|Q15782,grey
NPTX1|Q15818,turquoise
CST6|Q15828,blue
ADIPOQ|Q15848,brown
ATP6AP1|Q15904,blue
IGFBP7|Q16270,red
EXT1|Q16394,green
CARTPT|Q16568,turquoise
C3AR1|Q16581,turquoise
ECM1|Q16610,turquoise
FSCN1|Q16658,turquoise
MIA|Q16674,grey
MAN2A1|Q16706,turquoise
QPCT|Q16769,turquoise
RTN1|Q16799,turquoise
PTPRN|Q16849,turquoise
AOC3|Q16853,brown
TMEM132A|Q24JP5,turquoise
VWC2|Q2TAL6,turquoise
ALKBH6|Q3KRA9-2,brown
PLCH1|Q4KWH8,brown
SLC39A12|Q504Y0,grey
PKDCC|Q504Y2,yellow
SEZ6|Q53EL9,blue
FBLN7|Q53RD9,turquoise
ACTBL2|Q562R1,turquoise
C4orf48|Q5BLP8,turquoise
PRRT3|Q5FWE3,turquoise
COLEC12|Q5KU26,blue
ELFN2|Q5R3F8,blue
NPDC1|Q5SPY9,blue
SH3BGRL3|Q5T123,blue
NAXE|Q5T3I4,pink
HAPLN2|Q5T3J1,blue
GPR158|Q5T848,turquoise
FAM171A1|Q5VUB5,blue
KIAA0319|Q5VV43,brown
C1QL3|Q5VWW1,grey
LRP11|Q5VYB9,turquoise
METRNL|Q641Q3,yellow
OLFML2A|Q68BL7,blue
DMKN|Q6E0U4,blue
VASN|Q6EMK4,turquoise
GALNT17|Q6IS24,turquoise
FSTL4|Q6MZW2,blue
CASC4|Q6P4E1,turquoise
GALNT18|Q6P9A2,blue
CSPG4|Q6UVK1,blue
CBLN3|Q6UW01,blue
FAM198B|Q6UWH4,turquoise
ENPP6|Q6UWR7,blue
PLXDC2|Q6UX71,turquoise
B3GNT9|Q6UX72,blue
PI16|Q6UXB8,red
ISLR2|Q6UXK2,turquoise
CD109|Q6YHK3,green
GLDN|Q6ZMI3,turquoise
QSOX2|Q6ZRP7,blue
SHISA6|Q6ZSJ9,turquoise
KIAA1549L|Q6ZVL6,turquoise
TRIL|Q7L0X0,turquoise
CHST15|Q7LFX5,grey
NEGR1|Q7Z3B1,turquoise
MAATS1|Q7Z4T9,turquoise
VMO1|Q7Z5L0,grey
PODN|Q7Z5L7,blue
KRT77|Q7Z794,grey
TMED4|Q7Z7H5,blue
MEGF8|Q7Z7M0,turquoise
B3GNT8|Q7Z7M8,yellow
GALNT5|Q7Z7M9,blue
GALNT7|Q86SF2,blue
GALNT10|Q86SR1,turquoise
C14orf37|Q86TY3,grey
OAF|Q86UD1,turquoise
RTN4RL1|Q86UN2,turquoise
RTN4RL2|Q86UN3,turquoise
HAPLN4|Q86UW8,grey
GPR180|Q86V85,turquoise
LSR|Q86X29,turquoise
XYLT1|Q86Y38,blue
HRNR|Q86YZ3,grey
GALNT13|Q8IUC8,blue
PLXDC1|Q8IUK5,turquoise
CBLN2|Q8IUK8,blue
AEBP1|Q8IUX7,grey
PLD3|Q8IV08,turquoise
SLITRK4|Q8IW52,blue
SCN4B|Q8IWT1,grey
SULF2|Q8IWU5,grey
CNTN4|Q8IWV2,blue
FAM20C|Q8IXL6,green
FANCM|Q8IYD8,grey
HS6ST3|Q8IZP7,turquoise
CACNA2D3|Q8IZS8,turquoise
CADM3|Q8N126,grey
NLGN1|Q8N2Q7,turquoise
TMEM130|Q8N3G9,green
CADM2|Q8N3J6,turquoise
TMEM132C|Q8N3T6,turquoise
GALNT16|Q8N428,brown
CPXM2|Q8N436,red
FSTL5|Q8N475,magenta
DPP10|Q8N608,turquoise
LRTM2|Q8N967,turquoise
XXYLT1|Q8NBI6,blue
GOLM1|Q8NBJ4,grey
PCSK9|Q8NBP7,grey
PLA2G15|Q8NCC3,blue
GALNT6|Q8NCL4,turquoise
LFNG|Q8NES3,grey
SEMA6D|Q8NFY4,turquoise
NLGN2|Q8NFZ4,blue
CADM4|Q8NFZ8,turquoise
IL31RA|Q8NI17,grey
MCFD2|Q8NI22,grey
PCDH19|Q8TAB3,grey
FAM174A|Q8TBP5,grey
CD99L2|Q8TCZ2,turquoise
SNED1|Q8TER0,grey
CEMIP|Q8WUJ3,black
CANT1|Q8WVQ1,turquoise
SCG3|Q8WXD2,turquoise
SCG3|Q8WXD2-2,turquoise
SORCS1|Q8WY21,turquoise
THAP4|Q8WY91,grey
POMGNT1|Q8WZA1,turquoise
SMPDL3B|Q92485,blue
FAM3C|Q92520,turquoise
NCSTN|Q92542,blue
SPOCK2|Q92563,turquoise
SORL1|Q92673,green
HTRA1|Q92743,green
TNR|Q92752,turquoise
FRZB|Q92765,blue
GGH|Q92820,grey
SEMA4D|Q92854,turquoise
NEO1|Q92859,turquoise
KLK6|Q92876,turquoise
PTPRN2|Q92932,turquoise
EXT2|Q93063,turquoise
RNASE6|Q93091,blue
IGSF8|Q969P0,turquoise
RELT|Q969Z4,red
PBXIP1|Q96AQ6,turquoise
C1GALT1C1|Q96EU7,turquoise
LINGO1|Q96FE5,turquoise
PIK3IP1|Q96FE7-4,grey
BCAN|Q96GW7,grey
IGSF21|Q96ID5,turquoise
ST6GAL2|Q96JF0,turquoise
CNDP1|Q96KN2,turquoise
FAM20A|Q96MK3,grey
PGLYRP2|Q96PD5,brown
SORCS2|Q96PQ0,grey
SLITRK1|Q96PX8,blue
PEBP4|Q96S96,turquoise
CPXM1|Q96SM3,grey
NEU1|Q99519,grey
SORT1|Q99523,blue
SERPINI1|Q99574,turquoise
S100A13|Q99584,green
OSMR|Q99650,green
CGREF1|Q99674,turquoise
OLFM1|Q99784,turquoise
RARRES2|Q99969,red
MYOC|Q99972,brown
OMD|Q99983,grey
SPOCK3|Q9BQ16,grey
CLSTN3|Q9BQT9,turquoise
TXNDC17|Q9BRA2,blue
MXRA8|Q9BRK3,red
SDF4|Q9BRK5,turquoise
SYT11|Q9BT88,turquoise
FUCA2|Q9BTY2,turquoise
SPON2|Q9BUD6,blue
ABHD14A|Q9BUJ0,turquoise
MENT|Q9BUN1,brown
JAM3|Q9BX67,blue
C1QTNF5|Q9BXJ0,magenta
C1QTNF1|Q9BXJ1,blue
C1QTNF4|Q9BXJ3,turquoise
CADM1|Q9BY67-2,turquoise
PDGFD|Q9GZP0,blue
PITHD1|Q9GZP4,turquoise
CHST6|Q9GZX3,green
CXCL16|Q9H2A7,brown
CPVL|Q9H3G5,green
CLSTN2|Q9H4D0,turquoise
SMOC1|Q9H4F8,turquoise
CLMP|Q9H6B4,green
ANTXR1|Q9H6X2,black
MANSC1|Q9H8J5,blue
MMRN2|Q9H8L6,turquoise
SIAE|Q9HAT2,grey
SLC38A10|Q9HBR0,grey
CDH20|Q9HBT6,turquoise
GLOD4|Q9HC38-2,turquoise
SPON1|Q9HCB6,green
CD248|Q9HCU0,blue
CELSR2|Q9HCU4,blue
NRXN3|Q9HDB5,grey
A4GALT|Q9NPC4,grey
PCDH12|Q9NPG4,blue
IL1RAP|Q9NPH3,grey
NECTIN3|Q9NQS3,turquoise
MAN1C1|Q9NR34,green
OLFML3|Q9NRN5,blue
C1GALT1|Q9NS00,blue
CHST7|Q9NS84,grey
SEMA3G|Q9NS98,blue
KRT82|Q9NSB4,grey
ST6GALNAC1|Q9NSC7,green
EMILIN3|Q9NT22,grey
LRRC4B|Q9NT99,turquoise
CBLN4|Q9NTU7,turquoise
FAM49B|Q9NUQ9,blue
IMPAD1|Q9NX62,turquoise
B3GNT2|Q9NY97,turquoise
FAT2|Q9NYQ8,blue
CALY|Q9NYX4,turquoise
ERAP1|Q9NZ08,blue
PODXL2|Q9NZ53,turquoise
TREM2|Q9NZC2,blue
C1RL|Q9NZP8,grey
LRP1B|Q9NZR2,blue
FRRS1L|Q9P0K9,turquoise
VAPA|Q9P0L0,blue
NTM|Q9P121-4,turquoise
SIRPG|Q9P1W8,blue
CNTN3|Q9P232,turquoise
PCDH10|Q9P2E7,turquoise
MRC2|Q9UBG0,turquoise
EXTL2|Q9UBQ6,blue
CTSZ|Q9UBR2,turquoise
CTSF|Q9UBX1,green
FAM198A|Q9UFP1,blue
FETUB|Q9UGM5,brown
CNTNAP2|Q9UHC6,turquoise
TAC3|Q9UHF0,turquoise
PCSK1N|Q9UHG2,turquoise
ADAMTS1|Q9UHI8,grey
DPP7|Q9UHL4,turquoise
SLC24A2|Q9UI40,grey
CD84|Q9UIB8,turquoise
LNPEP|Q9UIQ6,green
PLXNA1|Q9UIW2,turquoise
GGT7|Q9UJ14,blue
CDH22|Q9UJ99,turquoise
ENPP5|Q9UJA9,blue
METRN|Q9UJH8,grey
GNPTG|Q9UJJ9,turquoise
AJAP1|Q9UKB5,turquoise
MAN1B1|Q9UKM7,blue
TRHDE|Q9UKU6,blue
ANGPTL2|Q9UKU9,blue
TENM1|Q9UKZ4,green
CDH9|Q9ULB4,turquoise
SLC39A10|Q9ULF5,turquoise
HEG1|Q9ULI3,turquoise
MMP17|Q9ULZ9,blue
EPDR1|Q9UM22,blue
NOTCH3|Q9UM47,pink
ICAM5|Q9UMF0,turquoise
UBQLN1|Q9UMX0,pink
NENF|Q9UMX5,grey
NDRG2|Q9UN36,turquoise
NDRG2|Q9UN36-2,turquoise
PCDHGC3|Q9UN70,turquoise
PROCR|Q9UNN8,green
MINPP1|Q9UNW1,grey
ADAMTS8|Q9UP79,blue
SORCS3|Q9UPU3,turquoise
CNTN6|Q9UQ52,blue
CAMK2A|Q9UQM7,turquoise
CLEC11A|Q9Y240,grey
VSIG4|Q9Y279,green
ITM2B|Q9Y287,blue
NTNG1|Q9Y2I2,blue
GDA|Q9Y2T3,turquoise
HYOU1|Q9Y4L1,turquoise
PCDHGC5|Q9Y5F6,turquoise
PCDHAC2|Q9Y5I4,blue
LYVE1|Q9Y5Y7,green
PSAT1|Q9Y617,blue
CPQ|Q9Y646,blue
ADGRG1|Q9Y653,blue
CLIC4|Q9Y696,grey
LAMC3|Q9Y6N6,blue
ROBO1|Q9Y6N7,turquoise
FCGBP|Q9Y6R7,grey
ENPP4|Q9Y6X5,blue
SEC23IP|Q9Y6Y8,turquoise
LY96|Q9Y6Y9,red