"","turquoise","blue","brown","yellow","green","red","black","pink","magenta","purple","greenyellow","tan","salmon","cyan","midnightblue","lightcyan","grey60","lightgreen","lightyellow","royalblue","darkred","darkgreen","darkturquoise","darkgrey","orange","darkorange","white","skyblue","saddlebrown","steelblue","paleturquoise","violet","darkolivegreen","darkmagenta","sienna3","yellowgreen","skyblue3","plum1","orangered4","mediumpurple3","lightsteelblue1","lightcyan1"
"","FET pValue","FET pValue","FET pValue","FET pValue","FET pValue","FET pValue","FET pValue","FET pValue","FET pValue","FET pValue","FET pValue","FET pValue","FET pValue","FET pValue","FET pValue","FET pValue","FET pValue","FET pValue","FET pValue","FET pValue","FET pValue","FET pValue","FET pValue","FET pValue","FET pValue","FET pValue","FET pValue","FET pValue","FET pValue","FET pValue","FET pValue","FET pValue","FET pValue","FET pValue","FET pValue","FET pValue","FET pValue","FET pValue","FET pValue","FET pValue","FET pValue","FET pValue"
"Astrocytes","1.53636269475358e-78","2.57245579949323e-22","1.44758240352125e-12","1.9604510020052e-20","4.65945154728999e-13","1.06774165256194e-08","8.22338626077509e-08","6.5759563822925e-11","5.44980919088676e-08","3.77046678065806e-10","0.00122373905907844","8.61995156789115e-11","0.000907028621394384","0.222457520946131","0.0437615776219826","0.0893241586390512","0.000781469526663461","1","0.00925723367596562","0.00213584441011924","0.00234263591610388","0.000243462966299881","1.18839069820424e-06","0.00303590436913394","0.00256142495364093","1","1","0.202621820820449","0.000195495243094151","0.000772599113002415","0.014274020974395","0.0182402897221777","0.118145097430101","0.0880631842232206","1","0.140060002974515","0.118145097430101","1","1","1","0.0329563359242538","0.0726435707940563"
"Microglia","2.44514002074309e-106","1.0305639882394e-14","2.91413814089602e-18","5.91347885849168e-19","1.20594893617483e-08","3.35083226576743e-12","2.9834767982239e-09","5.28449918475218e-08","1.1941567212138e-05","1.85654483223949e-08","1.16113284347539e-15","0.000506650518978558","0.00344530839766979","0.00542055236026129","0.0830135673057642","5.3336239395085e-07","0.00298543214163323","0.000486365306029407","2.63335543189239e-06","1.54512961711551e-06","0.0561262949318882","0.000965573072335007","0.000138049912604984","5.63558135469563e-05","0.000620871254362197","0.134946633468905","0.124428133582661","0.000281557294694937","0.00077983430957207","0.00220503684325665","0.028241606089363","1.01574334857703e-05","0.000692784856956296","0.00732785206043236","1","0.00121011089241344","6.32395115075923e-07","0.0471566850207554","0.134946633468905","0.00381965056152781","0.0471566850207554","0.00487245290359437"
"Neuron","1.45526226072779e-105","1.30450692921966e-27","3.11167659305379e-19","1.44653486180244e-08","1.151983134795e-13","1.20803997056242e-15","2.89916136433886e-10","5.19035841374876e-06","7.44782064037037e-10","1.15610178095218e-10","1.15610178095218e-10","3.26814407018726e-10","0.130330475860734","0.00552806402167156","0.0123241699353049","0.00590980685973061","0.0224096827961598","0.0536959644326389","8.29596377351745e-13","0.00606683407293783","0.0568333001680334","0.000991335728838055","0.00160347999613214","5.82880814350221e-05","0.00723576043033907","1","0.00742873969851474","0.00408912036444926","0.00852914939337597","0.028612916170539","0.234922879450383","0.000212448064908116","0.0137410952776331","6.32186374453309e-06","0.146296888409724","0.196721691145698","0.0137410952776331","1","0.135840976572065","0.0927304040747198","1","0.103704193054395"
"Oligodendrocytes","9.16446390457411e-113","7.43366961546202e-28","2.64422981919328e-17","1.67995409442558e-10","1.06568311564281e-12","4.87739099948617e-09","1.92998677449587e-11","1.02672154986566e-13","4.17991519347506e-11","1.97230483876621e-07","1.35547295078558e-09","2.21756254942083e-15","0.0239378606520739","0.00531431856776967","3.94197890143286e-07","6.69602221712349e-06","1.91235090067444e-06","0.000473437384191801","0.00335843798842454","2.96237587135351e-05","0.00638093761460499","1.10607851212247e-11","9.48154987549965e-06","3.14181402604306e-06","4.05945805576619e-05","0.00860575970431507","1","0.00392953779067482","5.4473496644086e-05","0.00216073712595054","1","0.259197232011815","0.000678565855153703","0.00722760220436086","0.14438143501253","5.1922848461809e-05","0.164675786609","0.0468282316202112","0.00860575970431507","0.0914785122343035","1","0.102312669669329"
"Endothelia","2.38832249043548e-86","3.98132136827987e-13","1.43695724165914e-14","2.33082249984521e-14","5.06908536762959e-10","3.98983391507414e-08","1.48184931024725e-10","2.42189108158169e-15","2.00756875209496e-06","2.45232473381298e-13","0.00212523329816648","5.78811080794907e-09","0.0129697776905474","0.248101449655513","0.0546877152205661","4.27432921887213e-09","0.000103873429008853","0.0344282825069265","8.87920498488584e-06","0.0344282825069265","0.26227946152025","0.0050498539887149","0.00721098842212444","1.78125477485281e-05","0.000250059400065036","0.00548914751930045","0.099199423092609","0.0266281457270919","0.0429972101374555","0.188638178909959","0.188638178909959","0.00162273297614411","0.00857292865640066","0.00460257916004492","0.00644733029612365","0.00060408079979338","9.50951100190256e-06","1","0.00548914751930045","1","1","0.0819186442880907"
"","FDR corrected","FDR corrected","FDR corrected","FDR corrected","FDR corrected","FDR corrected","FDR corrected","FDR corrected","FDR corrected","FDR corrected","FDR corrected","FDR corrected","FDR corrected","FDR corrected","FDR corrected","FDR corrected","FDR corrected","FDR corrected","FDR corrected","FDR corrected","FDR corrected","FDR corrected","FDR corrected","FDR corrected","FDR corrected","FDR corrected","FDR corrected","FDR corrected","FDR corrected","FDR corrected","FDR corrected","FDR corrected","FDR corrected","FDR corrected","FDR corrected","FDR corrected","FDR corrected","FDR corrected","FDR corrected","FDR corrected","FDR corrected","FDR corrected"
"Astrocytes","6.45272331796505e-77","6.75269647366973e-21","1.08568680264094e-11","4.57438567134546e-19","3.91393929972359e-12","4.57603565383688e-08","3.08376984779066e-07","4.18469951600432e-10","2.0808362365204e-07","1.93121469253218e-09","0.00249500196511139","5.32408773310924e-10","0.00192400010598809","0.247175023273479","0.0589098160295919","0.111655198298814","0.00167457755713599","1","0.0138858505139484","0.0041918441693929","0.00447230493074378","0.000594502592127616","4.09118109217854e-06","0.0056419461727268","0.00484593910148284","1","1","0.226332884959012","0.000488738107735378","0.00167457755713599","0.0206727200318824","0.0262360331620364","0.141774116916121","0.110738135849559","1","0.162500555937283","0.141774116916121","1","1","1","0.0455317798953507","0.0930192065045842"
"Microglia","2.56739702178025e-104","1.20232465294596e-13","5.09974174656803e-17","1.12893687298477e-17","5.0649855319343e-08","2.42646474417641e-11","1.39228917250449e-08","2.05508301629251e-07","3.3888231277689e-05","7.49758489942872e-08","1.69125595878739e-14","0.00116919350533513","0.00629143272617961","0.00921344003611928","0.105017163459099","1.89840852084201e-06","0.0055976852655623","0.00113485238073528","8.50776370303694e-06","5.23350354184285e-06","0.0727563082450402","0.00202770345190351","0.000349282911410201","0.00014793401056076","0.0014019673485598","0.15831727948866","0.14846538666113","0.000671898089612919","0.00167457755713599","0.00424823612003575","0.0395382485251082","2.92200141371476e-05","0.00153141915748234","0.0114839472588865","1","0.00249140477849827","2.21338290276573e-06","0.0622824141783562","0.15831727948866","0.00691488463724863","0.0622824141783562","0.00852679258129015"
"Neuron","1.01868358250945e-103","3.91352078765899e-26","6.53452084541295e-18","5.95632001918654e-08","1.09962026503159e-12","1.69125595878739e-14","1.56108688849016e-09","1.62682875654812e-05","3.63730775459948e-09","6.74392705555437e-10","6.74392705555437e-10","1.71577563684831e-09","0.154629378139854","0.00921344003611928","0.0183551467121562","0.00977212157908212","0.0320138325659426","0.0704759533178386","6.70058612476409e-12","0.00995339965091363","0.073220816167405","0.00206119309956427","0.00323779614603606","0.000151117248164872","0.0114248848900091","1","0.0115558173088007","0.00727724810622326","0.0130015074669508","0.0397927973232661","0.259651603603055","0.000524871689772992","0.0200390972798816","1.95234027404698e-05","0.167881675224273","0.220917407168965","0.0200390972798816","1","0.158481139334076","0.114549322680536","1","0.125883702551578"
"Oligodendrocytes","1.92453741996056e-110","2.60178436541171e-26","4.27144816946607e-16","9.28395683761506e-10","8.28864645499962e-12","2.17925980828106e-08","1.30741039562624e-10","1.02672154986566e-12","2.74306934571801e-10","7.26638624808605e-07","6.46930271965844e-09","2.91055084611483e-14","0.0339658833576724","0.0091475975346855","1.42726822293259e-06","2.0379198052115e-05","6.37450300224813e-06","0.00111709944584582","0.00618659629446625","8.18551227610837e-05","0.0103875728609849","7.74254958485729e-11","2.77360737555491e-05","9.99668099195519e-06","0.000110712492429987","0.0130015074669508","1","0.00705301654736507","0.00014480296576276","0.00420143330045939","1","0.283496972512923","0.00151594499555614","0.0114248848900091","0.166593963475996","0.000139792284320255","0.187945191238533","0.0622824141783562","0.0130015074669508","0.113671524078129","1","0.124916631573018"
"Endothelia","1.25386930747862e-84","3.48365619724489e-12","1.5882158986759e-13","2.44736362483747e-13","2.53454268381479e-09","1.58087758899164e-07","8.4104960851871e-10","2.99174780665974e-14","6.58733496781159e-06","2.23907910478577e-12","0.0041918441693929","2.53229847847772e-08","0.0191806571479927","0.272781698574124","0.071331802461608","1.95132420861554e-08","0.000266017318193405","0.0469476579639907","2.66376149546575e-05","0.0469476579639907","0.28538179750908","0.00876420940190189","0.0114248848900091","4.98751336958788e-05","0.000603591655329396","0.00921344003611928","0.121823852920748","0.0375296013603308","0.058254284702359","0.212978589091889","0.212978589091889","0.00324546595228823","0.0130015074669508","0.00812219851772633","0.0104149181706613","0.00137888008648489","2.77360737555491e-05","1","0.00921344003611928","1","1","0.104260092730297"
"","Overlap","Overlap","Overlap","Overlap","Overlap","Overlap","Overlap","Overlap","Overlap","Overlap","Overlap","Overlap","Overlap","Overlap","Overlap","Overlap","Overlap","Overlap","Overlap","Overlap","Overlap","Overlap","Overlap","Overlap","Overlap","Overlap","Overlap","Overlap","Overlap","Overlap","Overlap","Overlap","Overlap","Overlap","Overlap","Overlap","Overlap","Overlap","Overlap","Overlap","Overlap","Overlap"
"Astrocytes","10","28","19","1","4","3","1","1","0","3","6","16","5","4","2","1","0","1","3","9","0","2","3","0","2","12","0","11","11","3","4","4","0","1","1","3","11","86","2","0","23","1"
"Microglia","13","25","28","3","4","5","2","3","1","2","5","14","17","4","8","2","4","1","7","8","2","2","4","1","2","11","1","11","16","6","4","4","0","4","5","3","6","120","5","1","25","3"
"Neuron","14","37","29","3","4","5","4","2","0","2","4","19","13","3","4","1","2","0","12","12","1","3","3","1","1","9","0","13","19","3","3","2","1","3","2","2","12","120","4","2","15","1"
"Oligodendrocytes","15","37","27","3","10","6","2","3","2","3","6","18","12","7","7","1","4","0","4","13","1","7","5","2","0","16","1","10","13","5","5","3","1","3","1","3","16","123","1","0","17","4"
"Endothelia","13","21","22","1","3","5","2","2","2","1","3","14","5","5","9","1","2","0","6","8","0","2","4","2","1","16","0","14","11","2","2","3","2","2","4","1","10","96","3","1","19","3"
"","CategoryHitsInDataSet(ADJ)","CategoryHitsInDataSet(ADJ)","CategoryHitsInDataSet(ADJ)","CategoryHitsInDataSet(ADJ)","CategoryHitsInDataSet(ADJ)","CategoryHitsInDataSet(ADJ)","CategoryHitsInDataSet(ADJ)","CategoryHitsInDataSet(ADJ)","CategoryHitsInDataSet(ADJ)","CategoryHitsInDataSet(ADJ)","CategoryHitsInDataSet(ADJ)","CategoryHitsInDataSet(ADJ)","CategoryHitsInDataSet(ADJ)","CategoryHitsInDataSet(ADJ)","CategoryHitsInDataSet(ADJ)","CategoryHitsInDataSet(ADJ)","CategoryHitsInDataSet(ADJ)","CategoryHitsInDataSet(ADJ)","CategoryHitsInDataSet(ADJ)","CategoryHitsInDataSet(ADJ)","CategoryHitsInDataSet(ADJ)","CategoryHitsInDataSet(ADJ)","CategoryHitsInDataSet(ADJ)","CategoryHitsInDataSet(ADJ)","CategoryHitsInDataSet(ADJ)","CategoryHitsInDataSet(ADJ)","CategoryHitsInDataSet(ADJ)","CategoryHitsInDataSet(ADJ)","CategoryHitsInDataSet(ADJ)","CategoryHitsInDataSet(ADJ)","CategoryHitsInDataSet(ADJ)","CategoryHitsInDataSet(ADJ)","CategoryHitsInDataSet(ADJ)","CategoryHitsInDataSet(ADJ)","CategoryHitsInDataSet(ADJ)","CategoryHitsInDataSet(ADJ)","CategoryHitsInDataSet(ADJ)","CategoryHitsInDataSet(ADJ)","CategoryHitsInDataSet(ADJ)","CategoryHitsInDataSet(ADJ)","CategoryHitsInDataSet(ADJ)","CategoryHitsInDataSet(ADJ)"
"Astrocytes","98","98","98","98","98","98","98","98","98","98","98","98","98","98","98","98","98","98","98","98","98","98","98","98","98","98","98","98","98","98","98","98","98","98","98","98","98","98","98","98","98","98"
"Microglia","141","141","141","141","141","141","141","141","141","141","141","141","141","141","141","141","141","141","141","141","141","141","141","141","141","141","141","141","141","141","141","141","141","141","141","141","141","141","141","141","141","141"
"Neuron","142","142","142","142","142","142","142","142","142","142","142","142","142","142","142","142","142","142","142","142","142","142","142","142","142","142","142","142","142","142","142","142","142","142","142","142","142","142","142","142","142","142"
"Oligodendrocytes","140","140","140","140","140","140","140","140","140","140","140","140","140","140","140","140","140","140","140","140","140","140","140","140","140","140","140","140","140","140","140","140","140","140","140","140","140","140","140","140","140","140"
"Endothelia","111","111","111","111","111","111","111","111","111","111","111","111","111","111","111","111","111","111","111","111","111","111","111","111","111","111","111","111","111","111","111","111","111","111","111","111","111","111","111","111","111","111"
"","CategoryHitsInDataSet(Unadj)","CategoryHitsInDataSet(Unadj)","CategoryHitsInDataSet(Unadj)","CategoryHitsInDataSet(Unadj)","CategoryHitsInDataSet(Unadj)","CategoryHitsInDataSet(Unadj)","CategoryHitsInDataSet(Unadj)","CategoryHitsInDataSet(Unadj)","CategoryHitsInDataSet(Unadj)","CategoryHitsInDataSet(Unadj)","CategoryHitsInDataSet(Unadj)","CategoryHitsInDataSet(Unadj)","CategoryHitsInDataSet(Unadj)","CategoryHitsInDataSet(Unadj)","CategoryHitsInDataSet(Unadj)","CategoryHitsInDataSet(Unadj)","CategoryHitsInDataSet(Unadj)","CategoryHitsInDataSet(Unadj)","CategoryHitsInDataSet(Unadj)","CategoryHitsInDataSet(Unadj)","CategoryHitsInDataSet(Unadj)","CategoryHitsInDataSet(Unadj)","CategoryHitsInDataSet(Unadj)","CategoryHitsInDataSet(Unadj)","CategoryHitsInDataSet(Unadj)","CategoryHitsInDataSet(Unadj)","CategoryHitsInDataSet(Unadj)","CategoryHitsInDataSet(Unadj)","CategoryHitsInDataSet(Unadj)","CategoryHitsInDataSet(Unadj)","CategoryHitsInDataSet(Unadj)","CategoryHitsInDataSet(Unadj)","CategoryHitsInDataSet(Unadj)","CategoryHitsInDataSet(Unadj)","CategoryHitsInDataSet(Unadj)","CategoryHitsInDataSet(Unadj)","CategoryHitsInDataSet(Unadj)","CategoryHitsInDataSet(Unadj)","CategoryHitsInDataSet(Unadj)","CategoryHitsInDataSet(Unadj)","CategoryHitsInDataSet(Unadj)","CategoryHitsInDataSet(Unadj)"
"","98","98","98","98","98","98","98","98","98","98","98","98","98","98","98","98","98","98","98","98","98","98","98","98","98","98","98","98","98","98","98","98","98","98","98","98","98","98","98","98","98","98"
"","141","141","141","141","141","141","141","141","141","141","141","141","141","141","141","141","141","141","141","141","141","141","141","141","141","141","141","141","141","141","141","141","141","141","141","141","141","141","141","141","141","141"
"","142","142","142","142","142","142","142","142","142","142","142","142","142","142","142","142","142","142","142","142","142","142","142","142","142","142","142","142","142","142","142","142","142","142","142","142","142","142","142","142","142","142"
"","140","140","140","140","140","140","140","140","140","140","140","140","140","140","140","140","140","140","140","140","140","140","140","140","140","140","140","140","140","140","140","140","140","140","140","140","140","140","140","140","140","140"
"","111","111","111","111","111","111","111","111","111","111","111","111","111","111","111","111","111","111","111","111","111","111","111","111","111","111","111","111","111","111","111","111","111","111","111","111","111","111","111","111","111","111"
"","OverlappedGeneLists","OverlappedGeneLists","OverlappedGeneLists","OverlappedGeneLists","OverlappedGeneLists","OverlappedGeneLists","OverlappedGeneLists","OverlappedGeneLists","OverlappedGeneLists","OverlappedGeneLists","OverlappedGeneLists","OverlappedGeneLists","OverlappedGeneLists","OverlappedGeneLists","OverlappedGeneLists","OverlappedGeneLists","OverlappedGeneLists","OverlappedGeneLists","OverlappedGeneLists","OverlappedGeneLists","OverlappedGeneLists","OverlappedGeneLists","OverlappedGeneLists","OverlappedGeneLists","OverlappedGeneLists","OverlappedGeneLists","OverlappedGeneLists","OverlappedGeneLists","OverlappedGeneLists","OverlappedGeneLists","OverlappedGeneLists","OverlappedGeneLists","OverlappedGeneLists","OverlappedGeneLists","OverlappedGeneLists","OverlappedGeneLists","OverlappedGeneLists","OverlappedGeneLists","OverlappedGeneLists","OverlappedGeneLists","OverlappedGeneLists","OverlappedGeneLists"
"Astrocytes","APOE;CDH2;CLU;CST3;ITIH5;LAMA2;NRCAM;NRXN1;PRDX6;SPARCL1","A2M;ACYP2;ADGRB3;AGT;APOE;ATP1A2;B4GAT1;BDNF;CPE;CLU;C4A;DAG1;GPR37L1;GFAP;IGFBP5;ITIH5;JAM2;LCAT;NCAM1;NCAN;NRCAM;NRXN1;PTPRF;PTPRZ1;SORCS2;SPARCL1;TAGLN;THBS1","AGRN;AGT;APOE;B4GAT1;CLU;C4A;CST3;DAG1;EGFR;ITIH5;LAMA2;LCAT;NRCAM;BCAN;PLXNB1;SEMA6D;SORL1;SPARCL1;TAGLN","B4GAT1","A2M;CLU;C4A;DAG1","CLU;PTPRZ1;SPARCL1","NRCAM","C4A","","CST3;SLC1A3;PTPRZ1","BTD;C4A;ITIH3;NCAM1;NRCAM;SPARCL1","A2M;ALDOC;AGT;APOE;B4GAT1;CPE;CLU;CNTFR;C4A;CST3;DAG1;FLNC;NCAM1;NRCAM;SORL1;SPARCL1","AGT;CLU;CST3;NRXN1;PYGB","A2M;LAMA2;NRCAM;SPARCL1","PTPRZ1;SPARCL1","C4A","","CST3","A2M;C4A;PTPRZ1","A2M;AGT;C4A;CST3;ITIH3;ITIH5;NRXN1;PTPRF;SPARCL1","","ALDOC;ITIH3","CNTFR;ITIH5;NOTCH3","","NCAN;THBS4","A2M;B4GAT1;BTD;CNTFR;C4A;CST3;NCAM1;NCAN;NRCAM;PLXNB1;SORL1;SPARCL1","","A2M;CLU;C4A;CRYM;CST3;DAG1;CAMK2G;NRCAM;BCAN;SCG3;SORL1","A2M;ALDOC;AGT;B4GAT1;BTD;C4A;CST3;LCAT;NRCAM;NRXN1;VCAM1","A2M;CPE;SPARCL1","CLU;LAMA2;NDRG2;RGMA","A2M;HTRA1;PLA2G7;PTPRZ1","","SCG3","A2M","A2M;NCAM1;SCG3","A2M;AGT;CLU;C4A;ITIH3;LAMA2;LCAT;NCAN;NRXN1;PTPRZ1;SPARCL1","A2M;DBI;ACYP2;ADK;ADGRB3;ADGRG1;AGRN;ALDH1A1;ALDOC;AGT;APOE;AQP4;ATP1B2;B4GAT1;BTD;CDH2;CPE;CD44;CHST1;CLU;CNTFR;C4A;CHRDL1;CRYM;CST3;DAG1;EGFR;FABP5;FGFR1;FGFR2;FGFR3;GPR37L1;GAS1;GFAP;GPC4;HTRA1;IGFBP2;IGFBP5;IDI1;IGSF1;IL6ST;ITGA7;ITIH3;ITIH5;LAMA2;LCAT;LINGO1;LRTM2;LTBP1;MAMDC2;MFGE8;MMP14;NCAM1;NCAN;NDRG2;NOTCH2;NRCAM;NRXN1;NTRK3;OLFML2A;PCDH10;PCDHGC5;PCSK9;BCAN;PDGFRB;PLXNB1;PTPRF;PTPRZ1;RGMA;SCG3;SEMA3B;SEMA6D;SNED1;SORL1;SPARCL1;SPTAN1;TAGLN;TPBG;TPM2;TRIL;THBS1;THBS4;TTC12;AXL;VCAM1;VCL","C4A;TNC","","A2M;AGRN;AGT;APOE;B4GAT1;CPE;CLU;C4A;CST3;DAG1;FGFR1;IGFBP2;IGSF1;IL6ST;LCAT;NRCAM;BCAN;PDGFRB;SNED1;SORL1;SPARCL1;TNC;THBS4","CLU"
"Microglia","SERPINA3;ALB;CTSB;CTSD;C3;COL6A3;CST3;GOLM1;ICAM1;IDUA;SPP1;SERPINF1;PTGDS","SERPINF2;SERPINA3;ALB;APOC1;C1QB;CD14;C2;C3;COL6A3;DPP7;ERAP1;FTL;GNS;GRB2;HEXB;LGALS1;MAN1C1;SPP1;PDGFB;SERPINF1;PLOD1;PLXNB2;PON3;PTGDS;SIAE","SERPINF2;SERPINA3;ALB;APOC1;C1QA;CD99L2;CTSD;CTSH;CPN1;C3;COMP;CST3;F13A1;GGH;HPR;LDHB;MANBA;MGAT1;MLEC;MRC1;MXRA8;SPP1;SERPINF1;PLOD1;PLXNB2;RNASE4;SLC38A10;TPP1","SERPINA3;C3;HEXB","ALB;C3;LGALS3BP;LYVE1","SERPINF2;SERPINA3;ALB;C3;PTGDS","SERPINA3;C3","ABHD14B;ADAM15;ALB","SERPINA3","ALB;CST3","ALB;C2;C3;LGALS3BP;TCN2","SERPINF2;SERPINA3;ALB;CTSB;CBLN4;C3;CST3;GOLM1;HEXA;LDHB;LIPA;SPP1;SERPINF1;PEPD","SERPINF2;SERPINA3;ALB;SMPDL3B;B4GALNT1;CTSF;C2;C3;CST3;CTBS;GNS;GDA;SPP1;LCP1;PTGDS;PTPRJ;QSOX1","SERPINA3;ACTB;C2;SERPINF1","SERPINA3;ALB;HPRT1;LAMP2;LGALS3BP;SERPINF1;PLXDC1;PTGDS","ALB;C3","SERPINA3;ALB;CTBS;DPP7","CST3","SERPINA3;ALB;C3;DPP7;SERPINF1;PLXNB2;PTGDS","SERPINA3;ALB;C2;C3;CST3;SERPINF1;LCP1;PLXNB2","C3;PTGDS","ALB;C3","SERPINA3;ALB;C3;NMT1","SERPINF2","ALB;C3","SERPINA3;ALB;CD163;C2;C3;COL6A3;CST3;LDHB;LGMN;PTGDS;TCN2","ALB","SERPINA3;ALB;C3;CST3;ERAP1;HSPA1A;ICAM1;METRNL;MRC1;SPP1;PTGDS","SERPINF2;ACTB;ALB;TGFBI;CTSF;CD14;C3;CST3;FUCA1;GDA;LGALS3BP;SPP1;PDGFB;SERPINF1;PTGDS;SDC4","ALB;C3;MANBA;SPP1;PLD3;PTGDS","ALB;KCTD12;MGAT2;PTGDS","ALB;LGALS3BP;PTGDS;VASP","","ALB;NAGLU;CHST12;C3","SERPINF2;ALB;C3;SERPINF1;PLXDC2","ALB;C3;SPP1","SERPINF2;SERPINA3;ALB;C3;HS6ST1;PLXDC2","SERPINF2;SERPINA3;ACTB;ALB;NAGLU;SMPDL3B;AGA;ASPH;B4GALT1;TGFBI;CD163;C1QA;C1QB;C1QC;C1RL;C3AR1;CD99L2;CTSB;CTSC;CTSD;CTSF;CTSH;CTSS;CTSZ;CBLN1;CBLN2;CBLN4;CPN1;CPQ;CD14;CLN5;C2;C3;COL6A3;COTL1;CSF1;CSF1R;CXCL16;CSTB;CST3;CTBS;DNASE2;DPP7;ENPP4;EPDR1;ERAP1;F9;FCGR2A;FTL;FSCN1;FUCA1;GALNS;GAS6;GGH;GBA;GOLM1;GRB2;GDA;HAVCR2;HEXA;HEXB;HLA-E;HPRT1;HSPA1A;ICOSLG;IDS;SERPINB1;ITGB2;LAIR1;LAMP2;LDHB;LGALS1;LFNG;LGALS3BP;LGMN;LYVE1;MAN1C1;MANBA;MGAT1;MGAT2;MLEC;MSN;MRC1;MXRA8;NDST2;NEU1;NPC2;OAF;OLFML3;SPP1;PLA2G15;PDGFB;SERPINF1;PLD3;PLD4;PLXDC1;PLOD1;PLOD3;LCP1;PLXNB2;PFN1;PTGDS;PTPRJ;PLXDC2;QSOX1;RTN4RL1;RNASE4;RNASET2;SLC38A10;PSAP;SDC4;SIAE;CD84;SERPINB6;STAB1;TCN2;TNFSF13;TPM3;TPP1;TREM2","ALB;C3;CTBS;GOLM1;PTGDS","ALB","SERPINF2;SERPINA3;ACTB;ALB;AGA;C1RL;CPQ;C3;COTL1;CSF1;CST3;CTBS;DNASE2;ARHGDIB;GOLM1;GDA;MAN1C1;METRNL;MGAT2;MRC1;SERPINF1;PFN1;PTGDS;RAB35;SERPINB6","ALB;C3;PTGDS"
"Neuron","ACHE;SERPINC1;CNTN2;C3;CLSTN1;FAT2;NELL2;PCDH17;PLG;RELN;CHGB;SST;THY1;TOP2A","SERPINC1;CACNA2D1;CACNA2D3;CDH4;CDH9;CADM3;CALB1;CNTN2;CNTNAP2;C3;CLSTN1;CLSTN3;FAT2;GPC1;IGHM;IGKC;ISLR;KIT;L1CAM;MET;PCSK1;NELL2;GAP43;SERPINI1;NPTXR;NXPH4;PCDH17;PLG;RELN;CHGB;SCG2;SEZ6;ST8SIA3;SYT1;TMEM132A;SPOCK1;VGF","ADGRL1;SERPINC1;CACNA2D1;CNTN2;CNTN3;CNTNAP2;C3;CLSTN1;EPHA7;FAT2;GDI1;HPR;IGKC;LY6H;NELL1;SERPINI1;NPTX1;NPY;NRXN3;PCDHAC2;PLG;PRRT2;RELN;CHGB;SCG2;TMEM132A;THY1;VGF;VSTM2A","C3;IGHM;CHGB","CELSR2;CNTN3;C3;VGF","SERPINC1;CNTNAP4;C3;GPC1;PLG","C3;FAT2;GPC1;CHGB","CNTN2;PLG","","NEFH;CHGB","CALCA;C3;CHGB;SEZ6L2","SERPINC1;CACNA2D2;CBLN4;CELSR2;CNTN2;C3;CLSTN1;EPHB2;FAT2;ISLR;L1CAM;NELL2;GAP43;NPTX1;PCDHAC2;RELN;CHGB;SCN4B;STMN1","SERPINC1;CNTNAP2;C3;ENO2;GDA;IGHM;IGSF8;ISLR2;NPTXR;NSG1;PLG;SCG2;TMEM132A","SERPINC1;VGF;VSTM2A","CACNA2D1;PLG;CHGB;SPOCK1","C3","NTNG2;PLG","","BASP1;CALB2;CGREF1;C3;CLSTN1;EPHA7;FAT2;PCSK1;NPTXR;RELN;SEZ6;UCHL1","CNTNAP4;C3;FSTL4;IGHM;SLC24A2;NELL2;SERPINI1;PAPPA2;PLG;RELN;CHGB;SEMA3A","C3","C3;CLSTN1;PLG","SERPINC1;C3;FAT2","SERPINC1","C3","SERPINC1;CACNA2D1;C3;FAT2;GPC1;OLFM1;NPTXR;RELN;CHGB","","ACHE;ADGRL1;SERPINC1;CACNA2D1;CADM3;C3;CLSTN3;FAT2;FSTL4;SLC24A2;CHGB;SCG2;VSTM2A","ADGRL1;SERPINC1;CADM3;CA10;CELSR2;C3;CLSTN1;FAT2;GDA;NRXN3;NXPH4;PCDH17;PCDHAC2;PLG;RBM4B;CHGB;ST8SIA5;SPINT2;VGF","C3;CHGB;VGF","SERPINC1;CACNA2D3;CD200","PLXNA2;VSNL1","PLG","SERPINC1;C1QTNF4;C3","C3;SCG2","SERPINC1;C3","SERPINC1;CACNA2D2;CALB1;CNTN2;CNTN3;C3;ISLR;IGF2R;NELL2;PLG;SCG2;VSTM2A","YWHAG;ACHE;ADGRL1;NPPC;SERPINC1;ATP1A3;B4GALNT4;BASP1;C1QTNF1;CACNA2D1;CACNA2D2;CACNA2D3;CDH4;CDH7;CDH8;CADM3;CA10;CALB1;CALCA;CALY;CBLN1;CBLN2;CBLN4;CCK;CCN3;CDON;CELSR2;CGREF1;CNTN2;CNTN3;CNTNAP2;CNTNAP4;C3;COL6A2;COCH;CLSTN1;CLSTN2;CLSTN3;DNER;EFCAB6;EFNA3;EFNA5;ENO2;FABP3;FAT2;FIBIN;FSTL4;GPC1;GDA;HS6ST3;HLA-E;IDS;IGSF8;ISLR;ISLR2;CAMK2A;CAMK2B;KIT;L1CAM;LRFN5;LY6H;MINPP1;IGF2R;PCSK1;NEGR1;NELL2;GAP43;SERPINI1;OLFM1;NPTX1;NPTXR;NPY;NRN1;NRXN3;NSF;NSG1;NXPH4;CD200;PCDH17;PCDHAC2;PENK;PGRMC1;PLG;PLPPR4;PRRT2;PTPRN2;RTN4RL2;RELN;RGMB;ROBO2;RTBDN;RTN4R;SLC12A5;CHGB;SCG2;SCN3B;SCN4B;SDK2;SEZ6L2;SEZ6;SHISA6;ST8SIA3;ST8SIA5;SST;SPINT2;STMN1;STMN3;STX1B;SYP;SYT2;TMEM132A;THY1;SPOCK1;TRHDE;THBS2;TWSG1;UCHL1;VGF;VSTM2A;XXYLT1","SERPINC1;CA10;C3;CHGB","NPTXR;TMEM132A","CACNA2D1;CNTNAP4;C3;CLSTN1;FAT2;FSTL4;GDA;L1CAM;LMNA;SERPINI1;PCDH17;PLG;CHGB;SPOCK1;VGF","C3"
"Oligodendrocytes","SERPINA3;APLP1;ATRN;CP;CNTN2;FAM3C;FBN1;GSN;SERPIND1;ITIH5;MAG;NELL2;PCSK1N;PTPRD;TF","SERPINA3;ACE;ATRN;CDH11;CDH6;CALB1;CP;CNTN1;CNTN2;COL1A1;COL3A1;COL12A1;QDPR;DPP6;ENDOD1;EFEMP1;SERPINE2;GSN;GFRA1;GPC1;GPR37;SERPIND1;ITIH2;ITIH5;KLK6;MASP1;NCAM2;NELL2;GAP43;NFASC;PVALB;PTPRD;QPCT;S100A13;SLITRK1;TGOLN2;TF","SERPINA3;CP;CNTN1;CNTN2;CNTN4;ENPP2;FBN1;SERPINE2;GPR37;ITIH2;ITIH5;KLK6;MINDY1;NCAM2;NEO1;PCOLCE;PRELP;PTPRD;QPCT;SEMA3E;SMOC1;TMEM132B;TMEM132D;TMEM132E;TGOLN2;TF;VSTM2B","SERPINA3;CP;TF","APLP1;CP;CNTN1;GSN;SERPIND1;ITIH2;ALDH18A1;DCN;CLEC3B;TF","SERPINA3;GPC1;ITIH2;TNR;TF;XYLT1","SERPINA3;GPC1","CNTN2;LSAMP;ACAN","SERPINA3;CP","APLP1;CP;NEFH","ATRN;CP;SERPIND1;PCDH7;SLITRK1;TF","SERPINA3;APLP1;APOD;CP;CNTN1;CNTN2;ENPP2;GSN;GALNT10;GSS;LSAMP;NDRG1;NELL2;GAP43;NFASC;PCDH7;SMOC1;TF","SERPINA3;APLP1;CDH11;CP;ENO2;GSN;IGSF8;ITIH2;LMNB1;PTPRD;TF;VSTM2B","SERPINA3;CP;GSN;ITIH2;RICTOR;SEMA6A;TF","SERPINA3;APLP1;CP;ITIH2;KRT1;MATN2;TF","TF","SERPINA3;ATRN;CP;TF","","SERPINA3;ADAM11;ATRN;TF","SERPINA3;CP;ENPP2;GSN;SERPIND1;ITIH2;ITIH5;KRT1;MATN2;NELL2;PCOLCE;TNR;TF","GSN","CP;COL12A1;ITIH2;PDGFRA;SLITRK1;TMEM132C;TF","SERPINA3;CP;SERPIND1;ITIH5;TF","CP;ENPP2","","SERPINA3;CP;CNTN1;VCAN;ENPP2;FAM3C;EFEMP1;GSN;GPC1;SERPIND1;KLK6;PCOLCE;ELFN2;PRELP;TF;VSTM2B","TF","SERPINA3;ACE;APLP1;CP;COL1A2;FAM3C;FKBP1A;SERPINE2;GSN;TF","APLP1;APOD;CA10;CP;ENPP2;GSN;SERPIND1;ITIH2;KRT1;SEMA6A;TNR;CLEC3B;TF","ABCA2;CP;CNTN1;GSN;ITIH2","CNTN4;KRT1;KLK6;DCN;XYLT1","APOD;NAV2;VSNL1","ITIH2","CP;FAM3C;EFEMP1","ENPP2","ADAMTS2;ENPP2;GSN","SERPINA3;APLP1;ATRN;CALB1;CP;CNTN2;CSPG4;FAM3C;GSN;GPR37;SERPIND1;MATN2;MFAP4;NELL2;PTPRD;TF","SERPINA3;ABCA2;ACE;ADAM11;ADAM22;ADAM9;AEBP1;ADGRL3;APLP1;APOD;ATP1A3;ATRN;ADAMTS4;BACE1;CDH11;CDH6;CADM4;CA10;CA14;CALB1;CPQ;CD9;CP;CNTN1;CNTN2;CNTN4;CNTN6;COL1A1;COL1A2;COL2A1;COL3A1;COL12A1;CARNS1;VCAN;CSPG4;CSPG5;DDX25;QDPR;DPP10;DPP6;ENDOD1;ENO2;ENPP2;ENPP6;EXTL2;FAM3C;EFEMP1;FBLN7;FBN1;GALNT6;GSN;GFRA1;GFRA2;GALNT10;GALNT13;GALNT16;GNPTG;GPR158;GPC1;GPR37;GSS;GSTP1;SERPIND1;IGF2;IGSF8;IL1RAP;SERPINB1;ITGB4;ITIH2;ITIH5;JAM3;KRT1;KLK6;LSAMP;LUM;MAG;MASP1;MFAP4;MOG;MYRF;NCAM2;NELL2;NEO1;GAP43;NFASC;NPTX2;NXPH1;OPCML;PCDH7;PCOLCE;PCSK1N;ACAN;DCN;PLEKHB1;PODN;ELFN2;PRELP;PVALB;PTPRD;QPCT;RCN1;S100A4;SCRG1;SEMA4D;SEMA6A;SLITRK1;SLITRK3;SLITRK4;SMOC1;SORCS3;SPON1;STX1B;SULF2;SYT2;TMEM132C;TMEM132D;TNR;CLEC3B;TGOLN2;TPM1;TF;VSTM2B;XYLT1","CA10","","SERPINA3;APLP1;APOD;CPQ;CP;COL3A1;VCAN;CSPG4;DPP6;GSN;NFASC;NPTX2;PCSK1N;PTPRD;SEMA3E;SLITRK1;TF","GSN;PCOLCE;TNR;TF"
"Endothelia","SERPINA1;SERPINA3;APOA1;CYTL1;ECM2;FBLN5;FN1;LAMC1;OGN;PCDH1;HSPG2;TTR;VTN","SERPINA1;SERPINA3;ANXA5;ANXA6;APOA1;CD59;CFI;C8G;COL14A1;COL18A1;PROCR;FN1;LAMC1;ART3;NID1;PTPRK;ST3GAL6;SOD3;SPON2;TTR;VTN","SERPINA1;SERPINA3;APOA1;BCAM;CDH5;CA4;COL4A2;COL14A1;COL18A1;F5;FN1;LAMC1;MAN2A1;ART3;NID1;HSPG2;PTPRK;SEMA3G;SELENOP;SOD3;TTR;VTN","SERPINA3","SERPINA1;APOA1;PLTP","SERPINA1;SERPINA3;APOA1;TTR;VWF","SERPINA1;SERPINA3","APOA1;PLS3","SERPINA3;GALNT18","CFI","SERPINA1;MAN2A1;VWF","SERPINA1;SERPINA3;APOA1;ADAMTS8;CFI;C16orf89;FLNA;IGFBP7;OGN;PCDH1;HSPG2;PTPRM;TFRC;TTR","SERPINA1;SERPINA3;APOA1;F5;VTN","SERPINA1;SERPINA3;CFI;LAMB2;PLTP","SERPINA1;SERPINA3;APOA1;CFI;C8G;GOLIM4;HPRT1;SRGN;TTR","NID2","SERPINA1;SERPINA3","","SERPINA1;SERPINA3;F5;HSPG2;TTR;VWA1","SERPINA1;SERPINA3;APOA1;FN1;ART3;PLTP;TTR;VTN","","SERPINA1;APOA1","SERPINA3;PROCR;HSPG2;TTR","APOA1;PLS3","LAMB1","SERPINA1;SERPINA3;ADGRL2;APOA1;ADAMTS8;CD59;LAMA5;OGN;NID2;HSPG2;PLTP;RPS24;SEMA7A;TTR;VTN;VWF","","SERPINA1;SERPINA3;APOA1;ADAMTS8;CFI;COL18A1;FN1;ITM2A;LAMA5;LAMC1;PVR;SEMA3G;SOD3;TTR","SERPINA1;APOA1;F5;FN1;LAMA4;OGN;SEMA3G;SH3BGRL;SOD3;TTR;VTN","LTBP4;PLTP","B3GNT2;COL14A1","SERPINA1;C16orf89;PLTP","SERPINA1;APOA1","SERPINA1;CD59","SERPINA1;APOA1;COL18A1;TTR","SELENOP","SERPINA1;SERPINA3;APOA1;CD109;FN1;LAMB1;MAN2A1;NID1;NID2;TTR","SLC3A2;SERPINA1;SERPINA3;ADAM10;ADM;AHNAK;ALDH1A1;ANPEP;AOC3;APOA1;ADAMTS8;B3GNT2;BSG;CDH5;CA4;CAPG;CD109;CD248;CD59;CFI;BCHE;COL4A2;COL14A1;COL18A1;C16orf89;CTHRC1;CYTL1;CD55;ECM1;ECM2;EDN3;EFNA1;PROCR;ESAM;F5;FBLN5;FN1;FLNA;GASK1B;GALNT18;GOLIM4;HEG1;HLA-E;HMCN1;HPRT1;IGFBP7;ITGB1;LAMA5;LAMB1;LAMB2;LAMC1;LTA4H;LSR;LTBP4;MAN2A1;MANSC1;MGP;OGN;MMRN2;ART3;NID1;NID2;NRP1;PCDH1;PRCP;HSPG2;PGM1;BGN;PLTP;PLXND1;PPIC;PAPLN;PTPRK;PVR;RPL23A;ROBO4;RPS7;SLC39A10;SECTM1;SEMA3G;SEMA7A;SELENOP;SH3BGRL;SOD3;SERPINB6;SRGN;STC1;TGFBR3;TXN;SPOCK2;TIMP1;TTR;VIM;VTN;VWF;WFDC1","SERPINA1;CD109;TTR","NID1","SERPINA1;SERPINA3;ACTN1;ANXA5;APOA1;CDH5;CFI;ECM2;FN1;IGFBP7;LAMB1;LSR;OGN;HSPG2;PLTP;PTPRK;SELENOP;SERPINB6;TTR","SERPINA1;PCDH1;SEMA7A"
